"FeatureCode","DateCode","Measurement","Units","Value","Indicator..municipal.waste."
"S12000030","2010/2011","Count","Kg Per Capita",579,"Waste Arisings Per Capita (Kg)"
"S12000030","2004/2005","Count","ktonnes",24.6,"Biodegradable Municipal Waste Sent To Landfill (Ktonnes)"
"S12000030","2011/2012","Count","Kg Per Capita",584,"Waste Arisings Per Capita (Kg)"
"S12000030","2005/2006","Count","ktonnes",24.3,"Biodegradable Municipal Waste Sent To Landfill (Ktonnes)"
"S12000030","2008/2009","Count","ktonnes",18.3,"Biodegradable Municipal Waste Sent To Landfill (Ktonnes)"
"S12000030","2008/2009","Count","Kg Per Capita",606,"Waste Arisings Per Capita (Kg)"
"S12000030","2006/2007","Count","ktonnes",22.1,"Biodegradable Municipal Waste Sent To Landfill (Ktonnes)"
"S12000030","2009/2010","Count","Tonnes",51429,"Waste Arisings (Tonnes)"
"S12000030","2008/2009","Count","Tonnes",53506,"Waste Arisings (Tonnes)"
"S12000029","2004/2005","Count","Tonnes",204205,"Waste Arisings (Tonnes)"
"S12000029","2009/2010","Count","Tonnes",189864,"Waste Arisings (Tonnes)"
"S12000030","2004/2005","Count","Tonnes",60610,"Waste Arisings (Tonnes)"
"S12000030","2010/2011","Count","Tonnes",52051,"Waste Arisings (Tonnes)"
"S12000030","2011/2012","Count","Tonnes",52973,"Waste Arisings (Tonnes)"
"S12000030","2006/2007","Count","Kg Per Capita",650,"Waste Arisings Per Capita (Kg)"
"S12000030","2007/2008","Count","Tonnes",54858,"Waste Arisings (Tonnes)"
"S12000030","2006/2007","Count","Tonnes",57086,"Waste Arisings (Tonnes)"
"S12000030","2005/2006","Count","Tonnes",59813,"Waste Arisings (Tonnes)"
"S12000033","2006/2007","Count","Kg Per Capita",683,"Waste Arisings Per Capita (Kg)"
"S12000033","2009/2010","Count","ktonnes",55.7,"Biodegradable Municipal Waste Sent To Landfill (Ktonnes)"
"S12000033","2009/2010","Count","Kg Per Capita",580,"Waste Arisings Per Capita (Kg)"
"S12000030","2005/2006","Count","Kg Per Capita",691,"Waste Arisings Per Capita (Kg)"
"S12000030","2007/2008","Count","Kg Per Capita",622,"Waste Arisings Per Capita (Kg)"
"S12000030","2007/2008","Count","ktonnes",19.8,"Biodegradable Municipal Waste Sent To Landfill (Ktonnes)"
"S12000030","2004/2005","Count","Kg Per Capita",698,"Waste Arisings Per Capita (Kg)"
"S12000030","2010/2011","Count","ktonnes",15.6,"Biodegradable Municipal Waste Sent To Landfill (Ktonnes)"
"S12000030","2009/2010","Count","ktonnes",16.7,"Biodegradable Municipal Waste Sent To Landfill (Ktonnes)"
"S12000030","2009/2010","Count","Kg Per Capita",580,"Waste Arisings Per Capita (Kg)"
"S12000029","2006/2007","Count","Tonnes",207966,"Waste Arisings (Tonnes)"
"S12000029","2007/2008","Count","Tonnes",204490,"Waste Arisings (Tonnes)"
"S12000029","2008/2009","Count","Tonnes",194746,"Waste Arisings (Tonnes)"
"S12000029","2011/2012","Count","Tonnes",175836,"Waste Arisings (Tonnes)"
"S12000029","2004/2005","Count","ktonnes",94.6,"Biodegradable Municipal Waste Sent To Landfill (Ktonnes)"
"S12000029","2005/2006","Count","ktonnes",84.8,"Biodegradable Municipal Waste Sent To Landfill (Ktonnes)"
"S12000029","2006/2007","Count","ktonnes",84.9,"Biodegradable Municipal Waste Sent To Landfill (Ktonnes)"
"S12000028","2004/2005","Count","Kg Per Capita",713,"Waste Arisings Per Capita (Kg)"
"S12000028","2010/2011","Count","Kg Per Capita",695,"Waste Arisings Per Capita (Kg)"
"S12000028","2005/2006","Count","Kg Per Capita",706,"Waste Arisings Per Capita (Kg)"
"S12000028","2004/2005","Count","ktonnes",37.2,"Biodegradable Municipal Waste Sent To Landfill (Ktonnes)"
"S12000028","2007/2008","Count","Tonnes",88593,"Waste Arisings (Tonnes)"
"S12000029","2010/2011","Count","Tonnes",177021,"Waste Arisings (Tonnes)"
"S12000028","2009/2010","Count","Kg Per Capita",751,"Waste Arisings Per Capita (Kg)"
"S12000029","2007/2008","Count","ktonnes",82,"Biodegradable Municipal Waste Sent To Landfill (Ktonnes)"
"S12000029","2008/2009","Count","ktonnes",79.8,"Biodegradable Municipal Waste Sent To Landfill (Ktonnes)"
"S12000029","2006/2007","Count","Kg Per Capita",676,"Waste Arisings Per Capita (Kg)"
"S12000029","2008/2009","Count","Kg Per Capita",628,"Waste Arisings Per Capita (Kg)"
"S12000029","2007/2008","Count","Kg Per Capita",661,"Waste Arisings Per Capita (Kg)"
"S12000029","2010/2011","Count","ktonnes",69.6,"Biodegradable Municipal Waste Sent To Landfill (Ktonnes)"
"S12000029","2009/2010","Count","ktonnes",75.5,"Biodegradable Municipal Waste Sent To Landfill (Ktonnes)"
"S12000029","2009/2010","Count","Kg Per Capita",611,"Waste Arisings Per Capita (Kg)"
"S12000029","2010/2011","Count","Kg Per Capita",568,"Waste Arisings Per Capita (Kg)"
"S12000029","2005/2006","Count","Tonnes",202703,"Waste Arisings (Tonnes)"
"S12000029","2004/2005","Count","Kg Per Capita",669,"Waste Arisings Per Capita (Kg)"
"S12000029","2005/2006","Count","Kg Per Capita",662,"Waste Arisings Per Capita (Kg)"
"S12000029","2011/2012","Count","Kg Per Capita",562,"Waste Arisings Per Capita (Kg)"
"S12000034","2010/2011","Count","ktonnes",68.8,"Biodegradable Municipal Waste Sent To Landfill (Ktonnes)"
"S12000034","2009/2010","Count","ktonnes",65.9,"Biodegradable Municipal Waste Sent To Landfill (Ktonnes)"
"S12000034","2007/2008","Count","ktonnes",70.3,"Biodegradable Municipal Waste Sent To Landfill (Ktonnes)"
"S12000034","2008/2009","Count","ktonnes",68.4,"Biodegradable Municipal Waste Sent To Landfill (Ktonnes)"
"S12000034","2007/2008","Count","Kg Per Capita",643,"Waste Arisings Per Capita (Kg)"
"S12000034","2005/2006","Count","Kg Per Capita",656,"Waste Arisings Per Capita (Kg)"
"S12000034","2009/2010","Count","Kg Per Capita",620,"Waste Arisings Per Capita (Kg)"
"S12000034","2005/2006","Count","Tonnes",155123,"Waste Arisings (Tonnes)"
"S12000034","2009/2010","Count","Tonnes",151010,"Waste Arisings (Tonnes)"
"S12000034","2010/2011","Count","Tonnes",154164,"Waste Arisings (Tonnes)"
"S12000034","2004/2005","Count","Tonnes",150666,"Waste Arisings (Tonnes)"
"S12000034","2006/2007","Count","ktonnes",69.2,"Biodegradable Municipal Waste Sent To Landfill (Ktonnes)"
"S12000034","2004/2005","Count","ktonnes",83.7,"Biodegradable Municipal Waste Sent To Landfill (Ktonnes)"
"S12000034","2006/2007","Count","Tonnes",143342,"Waste Arisings (Tonnes)"
"S12000035","2006/2007","Count","Kg Per Capita",673,"Waste Arisings Per Capita (Kg)"
"S12000035","2007/2008","Count","ktonnes",25.9,"Biodegradable Municipal Waste Sent To Landfill (Ktonnes)"
"S12000035","2005/2006","Count","Kg Per Capita",740,"Waste Arisings Per Capita (Kg)"
"S12000035","2007/2008","Count","Tonnes",62309,"Waste Arisings (Tonnes)"
"S12000035","2006/2007","Count","ktonnes",26.2,"Biodegradable Municipal Waste Sent To Landfill (Ktonnes)"
"S12000035","2011/2012","Count","Kg Per Capita",629,"Waste Arisings Per Capita (Kg)"
"S12000035","2010/2011","Count","ktonnes",20.6,"Biodegradable Municipal Waste Sent To Landfill (Ktonnes)"
"S12000035","2008/2009","Count","ktonnes",24.5,"Biodegradable Municipal Waste Sent To Landfill (Ktonnes)"
"S12000035","2009/2010","Count","ktonnes",21.2,"Biodegradable Municipal Waste Sent To Landfill (Ktonnes)"
"S12000034","2005/2006","Count","ktonnes",81.1,"Biodegradable Municipal Waste Sent To Landfill (Ktonnes)"
"S12000034","2008/2009","Count","Kg Per Capita",623,"Waste Arisings Per Capita (Kg)"
"S12000035","2004/2005","Count","Tonnes",62240,"Waste Arisings (Tonnes)"
"S12000035","2004/2005","Count","Kg Per Capita",681,"Waste Arisings Per Capita (Kg)"
"S12000035","2004/2005","Count","ktonnes",33.1,"Biodegradable Municipal Waste Sent To Landfill (Ktonnes)"
"S12000033","2004/2005","Count","ktonnes",74.9,"Biodegradable Municipal Waste Sent To Landfill (Ktonnes)"
"S12000033","2005/2006","Count","ktonnes",68.9,"Biodegradable Municipal Waste Sent To Landfill (Ktonnes)"
"S12000033","2009/2010","Count","Tonnes",123966,"Waste Arisings (Tonnes)"
"S12000033","2008/2009","Count","Tonnes",132078,"Waste Arisings (Tonnes)"
"S12000033","2004/2005","Count","Tonnes",131339,"Waste Arisings (Tonnes)"
"S12000033","2011/2012","Count","Tonnes",114619,"Waste Arisings (Tonnes)"
"S12000033","2010/2011","Count","Tonnes",118049,"Waste Arisings (Tonnes)"
"S12000033","2008/2009","Count","ktonnes",63.3,"Biodegradable Municipal Waste Sent To Landfill (Ktonnes)"
"S12000033","2008/2009","Count","Kg Per Capita",628,"Waste Arisings Per Capita (Kg)"
"S12000033","2005/2006","Count","Kg Per Capita",658,"Waste Arisings Per Capita (Kg)"
"S12000033","2010/2011","Count","Kg Per Capita",544,"Waste Arisings Per Capita (Kg)"
"S12000033","2011/2012","Count","Kg Per Capita",520,"Waste Arisings Per Capita (Kg)"
"S12000033","2007/2008","Count","Kg Per Capita",662,"Waste Arisings Per Capita (Kg)"
"S12000033","2004/2005","Count","Kg Per Capita",648,"Waste Arisings Per Capita (Kg)"
"S12000034","2007/2008","Count","Tonnes",153731,"Waste Arisings (Tonnes)"
"S12000034","2006/2007","Count","Kg Per Capita",607,"Waste Arisings Per Capita (Kg)"
"S12000034","2008/2009","Count","Tonnes",150372,"Waste Arisings (Tonnes)"
"S12000034","2011/2012","Count","Kg Per Capita",595,"Waste Arisings Per Capita (Kg)"
"S12000034","2010/2011","Count","Kg Per Capita",627,"Waste Arisings Per Capita (Kg)"
"S12000034","2011/2012","Count","Tonnes",147340,"Waste Arisings (Tonnes)"
"S12000034","2004/2005","Count","Kg Per Capita",652,"Waste Arisings Per Capita (Kg)"
"S12000033","2007/2008","Count","ktonnes",67.3,"Biodegradable Municipal Waste Sent To Landfill (Ktonnes)"
"S12000033","2006/2007","Count","Tonnes",141296,"Waste Arisings (Tonnes)"
"S12000033","2006/2007","Count","ktonnes",69.9,"Biodegradable Municipal Waste Sent To Landfill (Ktonnes)"
"S12000033","2007/2008","Count","Tonnes",138459,"Waste Arisings (Tonnes)"
"S12000033","2005/2006","Count","Tonnes",133675,"Waste Arisings (Tonnes)"
"S12000033","2010/2011","Count","ktonnes",49.3,"Biodegradable Municipal Waste Sent To Landfill (Ktonnes)"
"S12000023","2007/2008","Count","Tonnes",14883,"Waste Arisings (Tonnes)"
"S12000023","2008/2009","Count","Kg Per Capita",743,"Waste Arisings Per Capita (Kg)"
"S12000023","2009/2010","Count","Kg Per Capita",769,"Waste Arisings Per Capita (Kg)"
"S12000023","2011/2012","Count","Kg Per Capita",744,"Waste Arisings Per Capita (Kg)"
"S12000023","2004/2005","Count","ktonnes",1.1,"Biodegradable Municipal Waste Sent To Landfill (Ktonnes)"
"S12000023","2005/2006","Count","ktonnes",0.9,"Biodegradable Municipal Waste Sent To Landfill (Ktonnes)"
"S12000023","2008/2009","Count","Tonnes",14776,"Waste Arisings (Tonnes)"
"S12000023","2004/2005","Count","Tonnes",13771,"Waste Arisings (Tonnes)"
"S12000023","2005/2006","Count","Kg Per Capita",713,"Waste Arisings Per Capita (Kg)"
"S12000023","2006/2007","Count","Kg Per Capita",749,"Waste Arisings Per Capita (Kg)"
"S12000023","2006/2007","Count","ktonnes",0.8,"Biodegradable Municipal Waste Sent To Landfill (Ktonnes)"
"S12000023","2007/2008","Count","Kg Per Capita",749,"Waste Arisings Per Capita (Kg)"
"S12000023","2005/2006","Count","Tonnes",13968,"Waste Arisings (Tonnes)"
"S12000023","2009/2010","Count","ktonnes",0.7,"Biodegradable Municipal Waste Sent To Landfill (Ktonnes)"
"S12000026","2009/2010","Count","ktonnes",25.2,"Biodegradable Municipal Waste Sent To Landfill (Ktonnes)"
"S12000026","2010/2011","Count","ktonnes",23,"Biodegradable Municipal Waste Sent To Landfill (Ktonnes)"
"S12000026","2005/2006","Count","Tonnes",73214,"Waste Arisings (Tonnes)"
"S12000026","2006/2007","Count","ktonnes",30.7,"Biodegradable Municipal Waste Sent To Landfill (Ktonnes)"
"S12000026","2011/2012","Count","Kg Per Capita",576,"Waste Arisings Per Capita (Kg)"
"S12000026","2010/2011","Count","Kg Per Capita",600,"Waste Arisings Per Capita (Kg)"
"S12000026","2007/2008","Count","ktonnes",29.9,"Biodegradable Municipal Waste Sent To Landfill (Ktonnes)"
"S12000023","2008/2009","Count","ktonnes",0.5,"Biodegradable Municipal Waste Sent To Landfill (Ktonnes)"
"S12000023","2010/2011","Count","ktonnes",0.6,"Biodegradable Municipal Waste Sent To Landfill (Ktonnes)"
"S12000023","2009/2010","Count","Tonnes",15354,"Waste Arisings (Tonnes)"
"S12000023","2011/2012","Count","Tonnes",14992,"Waste Arisings (Tonnes)"
"S12000026","2006/2007","Count","Tonnes",73625,"Waste Arisings (Tonnes)"
"S12000026","2004/2005","Count","ktonnes",46.9,"Biodegradable Municipal Waste Sent To Landfill (Ktonnes)"
"S12000023","2006/2007","Count","Tonnes",14801,"Waste Arisings (Tonnes)"
"S12000021","2011/2012","Count","Tonnes",80282,"Waste Arisings (Tonnes)"
"S12000021","2009/2010","Count","Kg Per Capita",631,"Waste Arisings Per Capita (Kg)"
"S12000021","2010/2011","Count","ktonnes",26.3,"Biodegradable Municipal Waste Sent To Landfill (Ktonnes)"
"S12000021","2005/2006","Count","ktonnes",37.5,"Biodegradable Municipal Waste Sent To Landfill (Ktonnes)"
"S12000021","2010/2011","Count","Kg Per Capita",625,"Waste Arisings Per Capita (Kg)"
"S12000021","2011/2012","Count","Kg Per Capita",594,"Waste Arisings Per Capita (Kg)"
"S12000021","2009/2010","Count","ktonnes",29.3,"Biodegradable Municipal Waste Sent To Landfill (Ktonnes)"
"S12000021","2005/2006","Count","Kg Per Capita",637,"Waste Arisings Per Capita (Kg)"
"S12000021","2008/2009","Count","Kg Per Capita",647,"Waste Arisings Per Capita (Kg)"
"S12000021","2007/2008","Count","Kg Per Capita",666,"Waste Arisings Per Capita (Kg)"
"S12000021","2006/2007","Count","Kg Per Capita",646,"Waste Arisings Per Capita (Kg)"
"S12000021","2004/2005","Count","ktonnes",37.6,"Biodegradable Municipal Waste Sent To Landfill (Ktonnes)"
"S12000021","2007/2008","Count","ktonnes",36.1,"Biodegradable Municipal Waste Sent To Landfill (Ktonnes)"
"S12000021","2004/2005","Count","Kg Per Capita",608,"Waste Arisings Per Capita (Kg)"
"S12000021","2005/2006","Count","Tonnes",87205,"Waste Arisings (Tonnes)"
"S12000023","2010/2011","Count","Kg Per Capita",776,"Waste Arisings Per Capita (Kg)"
"S12000021","2008/2009","Count","Tonnes",87963,"Waste Arisings (Tonnes)"
"S12000021","2004/2005","Count","Tonnes",82423,"Waste Arisings (Tonnes)"
"S12000023","2010/2011","Count","Tonnes",15604,"Waste Arisings (Tonnes)"
"S12000023","2004/2005","Count","Kg Per Capita",706,"Waste Arisings Per Capita (Kg)"
"S12000023","2007/2008","Count","ktonnes",0.2,"Biodegradable Municipal Waste Sent To Landfill (Ktonnes)"
"S12000021","2009/2010","Count","Tonnes",85518,"Waste Arisings (Tonnes)"
"S12000021","2010/2011","Count","Tonnes",84483,"Waste Arisings (Tonnes)"
"S12000021","2008/2009","Count","ktonnes",32.8,"Biodegradable Municipal Waste Sent To Landfill (Ktonnes)"
"S12000021","2006/2007","Count","ktonnes",38,"Biodegradable Municipal Waste Sent To Landfill (Ktonnes)"
"S12000021","2006/2007","Count","Tonnes",87541,"Waste Arisings (Tonnes)"
"S12000021","2007/2008","Count","Tonnes",90444,"Waste Arisings (Tonnes)"
"S12000027","2008/2009","Count","ktonnes",0.5,"Biodegradable Municipal Waste Sent To Landfill (Ktonnes)"
"S12000028","2009/2010","Count","Tonnes",83740,"Waste Arisings (Tonnes)"
"S12000027","2006/2007","Count","Kg Per Capita",569,"Waste Arisings Per Capita (Kg)"
"S12000027","2007/2008","Count","ktonnes",0.7,"Biodegradable Municipal Waste Sent To Landfill (Ktonnes)"
"S12000028","2008/2009","Count","Tonnes",82240,"Waste Arisings (Tonnes)"
"S12000028","2011/2012","Count","Tonnes",74174,"Waste Arisings (Tonnes)"
"S12000028","2010/2011","Count","Tonnes",77501,"Waste Arisings (Tonnes)"
"S12000027","2011/2012","Count","Kg Per Capita",603,"Waste Arisings Per Capita (Kg)"
"S12000027","2008/2009","Count","Kg Per Capita",529,"Waste Arisings Per Capita (Kg)"
"S12000027","2010/2011","Count","Kg Per Capita",597,"Waste Arisings Per Capita (Kg)"
"S12000027","2004/2005","Count","Tonnes",14293,"Waste Arisings (Tonnes)"
"S12000027","2008/2009","Count","Tonnes",11624,"Waste Arisings (Tonnes)"
"S12000027","2011/2012","Count","Tonnes",13574,"Waste Arisings (Tonnes)"
"S12000027","2006/2007","Count","Tonnes",12453,"Waste Arisings (Tonnes)"
"S12000028","2010/2011","Count","ktonnes",24.4,"Biodegradable Municipal Waste Sent To Landfill (Ktonnes)"
"S12000028","2005/2006","Count","ktonnes",28.6,"Biodegradable Municipal Waste Sent To Landfill (Ktonnes)"
"S12000028","2007/2008","Count","ktonnes",27.5,"Biodegradable Municipal Waste Sent To Landfill (Ktonnes)"
"S12000028","2009/2010","Count","ktonnes",26.9,"Biodegradable Municipal Waste Sent To Landfill (Ktonnes)"
"S12000028","2005/2006","Count","Tonnes",78701,"Waste Arisings (Tonnes)"
"S12000028","2006/2007","Count","Tonnes",84147,"Waste Arisings (Tonnes)"
"S12000028","2006/2007","Count","Kg Per Capita",754,"Waste Arisings Per Capita (Kg)"
"S12000028","2007/2008","Count","Kg Per Capita",793,"Waste Arisings Per Capita (Kg)"
"S12000028","2006/2007","Count","ktonnes",28,"Biodegradable Municipal Waste Sent To Landfill (Ktonnes)"
"S12000028","2008/2009","Count","Kg Per Capita",736,"Waste Arisings Per Capita (Kg)"
"S12000028","2004/2005","Count","Tonnes",76274,"Waste Arisings (Tonnes)"
"S12000028","2011/2012","Count","Kg Per Capita",665,"Waste Arisings Per Capita (Kg)"
"S12000028","2008/2009","Count","ktonnes",26.3,"Biodegradable Municipal Waste Sent To Landfill (Ktonnes)"
"S12000026","2005/2006","Count","Kg Per Capita",665,"Waste Arisings Per Capita (Kg)"
"S12000026","2004/2005","Count","Kg Per Capita",731,"Waste Arisings Per Capita (Kg)"
"S12000026","2009/2010","Count","Tonnes",70498,"Waste Arisings (Tonnes)"
"S12000026","2006/2007","Count","Kg Per Capita",668,"Waste Arisings Per Capita (Kg)"
"S12000026","2008/2009","Count","Kg Per Capita",655,"Waste Arisings Per Capita (Kg)"
"S12000026","2005/2006","Count","ktonnes",38.1,"Biodegradable Municipal Waste Sent To Landfill (Ktonnes)"
"S12000026","2007/2008","Count","Kg Per Capita",690,"Waste Arisings Per Capita (Kg)"
"S12000026","2011/2012","Count","Tonnes",65207,"Waste Arisings (Tonnes)"
"S12000026","2004/2005","Count","Tonnes",79876,"Waste Arisings (Tonnes)"
"S12000026","2008/2009","Count","ktonnes",27.2,"Biodegradable Municipal Waste Sent To Landfill (Ktonnes)"
"S12000026","2007/2008","Count","Tonnes",76914,"Waste Arisings (Tonnes)"
"S12000026","2010/2011","Count","Tonnes",67749,"Waste Arisings (Tonnes)"
"S12000026","2009/2010","Count","Kg Per Capita",626,"Waste Arisings Per Capita (Kg)"
"S12000026","2008/2009","Count","Tonnes",73617,"Waste Arisings (Tonnes)"
"S12000027","2005/2006","Count","ktonnes",2.1,"Biodegradable Municipal Waste Sent To Landfill (Ktonnes)"
"S12000027","2004/2005","Count","ktonnes",2.2,"Biodegradable Municipal Waste Sent To Landfill (Ktonnes)"
"S12000027","2009/2010","Count","Tonnes",13996,"Waste Arisings (Tonnes)"
"S12000027","2006/2007","Count","ktonnes",0.8,"Biodegradable Municipal Waste Sent To Landfill (Ktonnes)"
"S12000027","2005/2006","Count","Tonnes",13086,"Waste Arisings (Tonnes)"
"S12000027","2010/2011","Count","ktonnes",0.3,"Biodegradable Municipal Waste Sent To Landfill (Ktonnes)"
"S12000027","2009/2010","Count","ktonnes",0.5,"Biodegradable Municipal Waste Sent To Landfill (Ktonnes)"
"S12000027","2007/2008","Count","Kg Per Capita",537,"Waste Arisings Per Capita (Kg)"
"S12000027","2004/2005","Count","Kg Per Capita",592,"Waste Arisings Per Capita (Kg)"
"S12000027","2009/2010","Count","Kg Per Capita",630,"Waste Arisings Per Capita (Kg)"
"S12000027","2005/2006","Count","Kg Per Capita",616,"Waste Arisings Per Capita (Kg)"
"S12000027","2010/2011","Count","Tonnes",13365,"Waste Arisings (Tonnes)"
"S12000027","2007/2008","Count","Tonnes",11790,"Waste Arisings (Tonnes)"
"S12000045","2011/2012","Count","Tonnes",61988,"Waste Arisings (Tonnes)"
"S12000045","2005/2006","Count","Kg Per Capita",688,"Waste Arisings Per Capita (Kg)"
"S12000045","2011/2012","Count","Kg Per Capita",593,"Waste Arisings Per Capita (Kg)"
"S12000045","2010/2011","Count","Kg Per Capita",631,"Waste Arisings Per Capita (Kg)"
"S12000045","2006/2007","Count","Kg Per Capita",703,"Waste Arisings Per Capita (Kg)"
"S12000046","2011/2012","Count","Kg Per Capita",508,"Waste Arisings Per Capita (Kg)"
"S12000045","2004/2005","Count","Kg Per Capita",686,"Waste Arisings Per Capita (Kg)"
"S12000045","2006/2007","Count","Tonnes",74098,"Waste Arisings (Tonnes)"
"S12000045","2007/2008","Count","Kg Per Capita",715,"Waste Arisings Per Capita (Kg)"
"S12000045","2010/2011","Count","ktonnes",24.9,"Biodegradable Municipal Waste Sent To Landfill (Ktonnes)"
"S12000045","2005/2006","Count","Tonnes",73605,"Waste Arisings (Tonnes)"
"S12000045","2008/2009","Count","Kg Per Capita",690,"Waste Arisings Per Capita (Kg)"
"S12000045","2009/2010","Count","Kg Per Capita",662,"Waste Arisings Per Capita (Kg)"
"S12000045","2010/2011","Count","Tonnes",66003,"Waste Arisings (Tonnes)"
"S12000046","2009/2010","Count","Tonnes",326987,"Waste Arisings (Tonnes)"
"S12000046","2008/2009","Count","Tonnes",347262,"Waste Arisings (Tonnes)"
"S12000046","2004/2005","Count","ktonnes",198.1,"Biodegradable Municipal Waste Sent To Landfill (Ktonnes)"
"S12000046","2010/2011","Count","ktonnes",153.8,"Biodegradable Municipal Waste Sent To Landfill (Ktonnes)"
"S12000046","2005/2006","Count","Kg Per Capita",625,"Waste Arisings Per Capita (Kg)"
"S12000046","2010/2011","Count","Tonnes",334906,"Waste Arisings (Tonnes)"
"S12000046","2008/2009","Count","Kg Per Capita",594,"Waste Arisings Per Capita (Kg)"
"S12000046","2004/2005","Count","Kg Per Capita",613,"Waste Arisings Per Capita (Kg)"
"S12000046","2010/2011","Count","Kg Per Capita",565,"Waste Arisings Per Capita (Kg)"
"S12000046","2005/2006","Count","Tonnes",397880,"Waste Arisings (Tonnes)"
"S12000046","2006/2007","Count","Kg Per Capita",635,"Waste Arisings Per Capita (Kg)"
"S12000046","2004/2005","Count","Tonnes",354469,"Waste Arisings (Tonnes)"
"S12000046","2007/2008","Count","Tonnes",363041,"Waste Arisings (Tonnes)"
"S12000046","2006/2007","Count","Tonnes",369025,"Waste Arisings (Tonnes)"
"S12000044","2004/2005","Count","Kg Per Capita",636,"Waste Arisings Per Capita (Kg)"
"S12000044","2006/2007","Count","Kg Per Capita",706,"Waste Arisings Per Capita (Kg)"
"S12000044","2007/2008","Count","Tonnes",238209,"Waste Arisings (Tonnes)"
"S12000044","2009/2010","Count","Kg Per Capita",682,"Waste Arisings Per Capita (Kg)"
"S12000044","2004/2005","Count","Tonnes",216680,"Waste Arisings (Tonnes)"
"S12000044","2005/2006","Count","Kg Per Capita",716,"Waste Arisings Per Capita (Kg)"
"S12000044","2005/2006","Count","Tonnes",231898,"Waste Arisings (Tonnes)"
"S12000044","2004/2005","Count","ktonnes",101.2,"Biodegradable Municipal Waste Sent To Landfill (Ktonnes)"
"S12000044","2010/2011","Count","Tonnes",207166,"Waste Arisings (Tonnes)"
"S12000044","2008/2009","Count","ktonnes",79.3,"Biodegradable Municipal Waste Sent To Landfill (Ktonnes)"
"S12000044","2009/2010","Count","ktonnes",71.6,"Biodegradable Municipal Waste Sent To Landfill (Ktonnes)"
"S12000044","2011/2012","Count","Tonnes",178296,"Waste Arisings (Tonnes)"
"S12000044","2008/2009","Count","Kg Per Capita",690,"Waste Arisings Per Capita (Kg)"
"S12000044","2007/2008","Count","Kg Per Capita",734,"Waste Arisings Per Capita (Kg)"
"S12000045","2007/2008","Count","ktonnes",30.7,"Biodegradable Municipal Waste Sent To Landfill (Ktonnes)"
"S12000045","2007/2008","Count","Tonnes",74941,"Waste Arisings (Tonnes)"
"S12000045","2005/2006","Count","ktonnes",32.8,"Biodegradable Municipal Waste Sent To Landfill (Ktonnes)"
"S12000045","2009/2010","Count","ktonnes",27.3,"Biodegradable Municipal Waste Sent To Landfill (Ktonnes)"
"S12000045","2008/2009","Count","Tonnes",72215,"Waste Arisings (Tonnes)"
"S12000045","2004/2005","Count","Tonnes",73082,"Waste Arisings (Tonnes)"
"S12000045","2009/2010","Count","Tonnes",69301,"Waste Arisings (Tonnes)"
"S12000044","2006/2007","Count","Tonnes",228455,"Waste Arisings (Tonnes)"
"S12000044","2008/2009","Count","Tonnes",224699,"Waste Arisings (Tonnes)"
"S12000044","2009/2010","Count","Tonnes",222396,"Waste Arisings (Tonnes)"
"S12000045","2006/2007","Count","ktonnes",31,"Biodegradable Municipal Waste Sent To Landfill (Ktonnes)"
"S12000045","2008/2009","Count","ktonnes",29.4,"Biodegradable Municipal Waste Sent To Landfill (Ktonnes)"
"S12000045","2004/2005","Count","ktonnes",37.9,"Biodegradable Municipal Waste Sent To Landfill (Ktonnes)"
"S12000048","2006/2007","Count","Tonnes",107424,"Waste Arisings (Tonnes)"
"S12000048","2011/2012","Count","Tonnes",94233,"Waste Arisings (Tonnes)"
"S12000048","2004/2005","Count","Tonnes",99030,"Waste Arisings (Tonnes)"
"S12000048","2007/2008","Count","Tonnes",105910,"Waste Arisings (Tonnes)"
"S12000048","2005/2006","Count","Tonnes",103048,"Waste Arisings (Tonnes)"
"S12000048","2009/2010","Count","ktonnes",30.6,"Biodegradable Municipal Waste Sent To Landfill (Ktonnes)"
"S12000048","2009/2010","Count","Tonnes",95201,"Waste Arisings (Tonnes)"
"S12000047","2005/2006","Count","Kg Per Capita",691,"Waste Arisings Per Capita (Kg)"
"S12000047","2006/2007","Count","Kg Per Capita",708,"Waste Arisings Per Capita (Kg)"
"S12000047","2008/2009","Count","Kg Per Capita",685,"Waste Arisings Per Capita (Kg)"
"S12000047","2011/2012","Count","Kg Per Capita",694,"Waste Arisings Per Capita (Kg)"
"S12000048","2008/2009","Count","Kg Per Capita",682,"Waste Arisings Per Capita (Kg)"
"S12000048","2008/2009","Count","Tonnes",98374,"Waste Arisings (Tonnes)"
"S12000048","2007/2008","Count","Kg Per Capita",745,"Waste Arisings Per Capita (Kg)"
"S12000048","2010/2011","Count","Tonnes",92808,"Waste Arisings (Tonnes)"
"S12000048","2011/2012","Count","Kg Per Capita",630,"Waste Arisings Per Capita (Kg)"
"S12000048","2005/2006","Count","Kg Per Capita",744,"Waste Arisings Per Capita (Kg)"
"S12000048","2006/2007","Count","Kg Per Capita",766,"Waste Arisings Per Capita (Kg)"
"S12000048","2006/2007","Count","ktonnes",44.6,"Biodegradable Municipal Waste Sent To Landfill (Ktonnes)"
"S12000048","2004/2005","Count","Kg Per Capita",730,"Waste Arisings Per Capita (Kg)"
"S12000048","2009/2010","Count","Kg Per Capita",652,"Waste Arisings Per Capita (Kg)"
"S12000048","2004/2005","Count","ktonnes",48.1,"Biodegradable Municipal Waste Sent To Landfill (Ktonnes)"
"S12000048","2005/2006","Count","ktonnes",43.2,"Biodegradable Municipal Waste Sent To Landfill (Ktonnes)"
"S12000048","2010/2011","Count","ktonnes",27.5,"Biodegradable Municipal Waste Sent To Landfill (Ktonnes)"
"S12000048","2010/2011","Count","Kg Per Capita",628,"Waste Arisings Per Capita (Kg)"
"S12000048","2007/2008","Count","ktonnes",43.2,"Biodegradable Municipal Waste Sent To Landfill (Ktonnes)"
"S12000048","2008/2009","Count","ktonnes",35.4,"Biodegradable Municipal Waste Sent To Landfill (Ktonnes)"
"S12000047","2010/2011","Count","ktonnes",86.2,"Biodegradable Municipal Waste Sent To Landfill (Ktonnes)"
"S12000047","2005/2006","Count","ktonnes",110.5,"Biodegradable Municipal Waste Sent To Landfill (Ktonnes)"
"S12000046","2005/2006","Count","ktonnes",185,"Biodegradable Municipal Waste Sent To Landfill (Ktonnes)"
"S12000047","2009/2010","Count","ktonnes",84.4,"Biodegradable Municipal Waste Sent To Landfill (Ktonnes)"
"S12000047","2007/2008","Count","ktonnes",96.1,"Biodegradable Municipal Waste Sent To Landfill (Ktonnes)"
"S12000047","2008/2009","Count","Tonnes",247823,"Waste Arisings (Tonnes)"
"S12000047","2008/2009","Count","ktonnes",88.3,"Biodegradable Municipal Waste Sent To Landfill (Ktonnes)"
"S12000046","2009/2010","Count","Kg Per Capita",556,"Waste Arisings Per Capita (Kg)"
"S12000046","2007/2008","Count","ktonnes",180.4,"Biodegradable Municipal Waste Sent To Landfill (Ktonnes)"
"S12000046","2011/2012","Count","Tonnes",304254,"Waste Arisings (Tonnes)"
"S12000046","2009/2010","Count","ktonnes",153.1,"Biodegradable Municipal Waste Sent To Landfill (Ktonnes)"
"S12000046","2006/2007","Count","ktonnes",187.3,"Biodegradable Municipal Waste Sent To Landfill (Ktonnes)"
"S12000046","2008/2009","Count","ktonnes",166.4,"Biodegradable Municipal Waste Sent To Landfill (Ktonnes)"
"S12000046","2007/2008","Count","Kg Per Capita",624,"Waste Arisings Per Capita (Kg)"
"S12000047","2004/2005","Count","Tonnes",247977,"Waste Arisings (Tonnes)"
"S12000047","2011/2012","Count","Tonnes",254914,"Waste Arisings (Tonnes)"
"S12000047","2005/2006","Count","Tonnes",252904,"Waste Arisings (Tonnes)"
"S12000047","2006/2007","Count","Tonnes",254135,"Waste Arisings (Tonnes)"
"S12000047","2007/2008","Count","Kg Per Capita",699,"Waste Arisings Per Capita (Kg)"
"S12000047","2004/2005","Count","Kg Per Capita",699,"Waste Arisings Per Capita (Kg)"
"S12000047","2007/2008","Count","Tonnes",252077,"Waste Arisings (Tonnes)"
"S12000047","2009/2010","Count","Tonnes",246424,"Waste Arisings (Tonnes)"
"S12000047","2004/2005","Count","ktonnes",119.3,"Biodegradable Municipal Waste Sent To Landfill (Ktonnes)"
"S12000047","2010/2011","Count","Tonnes",253991,"Waste Arisings (Tonnes)"
"S12000047","2009/2010","Count","Kg Per Capita",678,"Waste Arisings Per Capita (Kg)"
"S12000047","2010/2011","Count","Kg Per Capita",696,"Waste Arisings Per Capita (Kg)"
"S12000047","2006/2007","Count","ktonnes",108.6,"Biodegradable Municipal Waste Sent To Landfill (Ktonnes)"
"S12000038","2004/2005","Count","Kg Per Capita",654,"Waste Arisings Per Capita (Kg)"
"S12000038","2005/2006","Count","Kg Per Capita",604,"Waste Arisings Per Capita (Kg)"
"S12000038","2008/2009","Count","Kg Per Capita",548,"Waste Arisings Per Capita (Kg)"
"S12000038","2007/2008","Count","ktonnes",43.4,"Biodegradable Municipal Waste Sent To Landfill (Ktonnes)"
"S12000038","2005/2006","Count","Tonnes",102615,"Waste Arisings (Tonnes)"
"S12000038","2010/2011","Count","Tonnes",92123,"Waste Arisings (Tonnes)"
"S12000038","2006/2007","Count","Kg Per Capita",593,"Waste Arisings Per Capita (Kg)"
"S12000036","2007/2008","Count","ktonnes",109.6,"Biodegradable Municipal Waste Sent To Landfill (Ktonnes)"
"S12000036","2008/2009","Count","Tonnes",242247,"Waste Arisings (Tonnes)"
"S12000036","2010/2011","Count","Tonnes",221865,"Waste Arisings (Tonnes)"
"S12000036","2005/2006","Count","ktonnes",125.9,"Biodegradable Municipal Waste Sent To Landfill (Ktonnes)"
"S12000036","2006/2007","Count","ktonnes",120.8,"Biodegradable Municipal Waste Sent To Landfill (Ktonnes)"
"S12000036","2004/2005","Count","ktonnes",140.8,"Biodegradable Municipal Waste Sent To Landfill (Ktonnes)"
"S12000036","2007/2008","Count","Tonnes",252078,"Waste Arisings (Tonnes)"
"S12000038","2006/2007","Count","ktonnes",46.3,"Biodegradable Municipal Waste Sent To Landfill (Ktonnes)"
"S12000038","2010/2011","Count","ktonnes",33,"Biodegradable Municipal Waste Sent To Landfill (Ktonnes)"
"S12000038","2009/2010","Count","ktonnes",37.2,"Biodegradable Municipal Waste Sent To Landfill (Ktonnes)"
"S12000038","2008/2009","Count","Tonnes",93023,"Waste Arisings (Tonnes)"
"S12000038","2007/2008","Count","Tonnes",97805,"Waste Arisings (Tonnes)"
"S12000038","2004/2005","Count","Tonnes",111501,"Waste Arisings (Tonnes)"
"S12000038","2010/2011","Count","Kg Per Capita",541,"Waste Arisings Per Capita (Kg)"
"S12000038","2004/2005","Count","ktonnes",62.6,"Biodegradable Municipal Waste Sent To Landfill (Ktonnes)"
"S12000038","2011/2012","Count","Tonnes",90469,"Waste Arisings (Tonnes)"
"S12000038","2009/2010","Count","Kg Per Capita",543,"Waste Arisings Per Capita (Kg)"
"S12000038","2007/2008","Count","Kg Per Capita",577,"Waste Arisings Per Capita (Kg)"
"S12000038","2005/2006","Count","ktonnes",50,"Biodegradable Municipal Waste Sent To Landfill (Ktonnes)"
"S12000038","2009/2010","Count","Tonnes",92298,"Waste Arisings (Tonnes)"
"S12000038","2008/2009","Count","ktonnes",41.1,"Biodegradable Municipal Waste Sent To Landfill (Ktonnes)"
"S12000035","2007/2008","Count","Kg Per Capita",682,"Waste Arisings Per Capita (Kg)"
"S12000035","2011/2012","Count","Tonnes",56360,"Waste Arisings (Tonnes)"
"S12000035","2009/2010","Count","Kg Per Capita",639,"Waste Arisings Per Capita (Kg)"
"S12000035","2008/2009","Count","Kg Per Capita",660,"Waste Arisings Per Capita (Kg)"
"S12000036","2011/2012","Count","Kg Per Capita",451,"Waste Arisings Per Capita (Kg)"
"S12000036","2007/2008","Count","Kg Per Capita",539,"Waste Arisings Per Capita (Kg)"
"S12000036","2010/2011","Count","Kg Per Capita",456,"Waste Arisings Per Capita (Kg)"
"S12000035","2005/2006","Count","ktonnes",32.8,"Biodegradable Municipal Waste Sent To Landfill (Ktonnes)"
"S12000035","2006/2007","Count","Tonnes",61505,"Waste Arisings (Tonnes)"
"S12000035","2010/2011","Count","Kg Per Capita",618,"Waste Arisings Per Capita (Kg)"
"S12000035","2008/2009","Count","Tonnes",59724,"Waste Arisings (Tonnes)"
"S12000035","2010/2011","Count","Tonnes",55148,"Waste Arisings (Tonnes)"
"S12000035","2009/2010","Count","Tonnes",57516,"Waste Arisings (Tonnes)"
"S12000035","2005/2006","Count","Tonnes",67259,"Waste Arisings (Tonnes)"
"S12000036","2009/2010","Count","ktonnes",93.7,"Biodegradable Municipal Waste Sent To Landfill (Ktonnes)"
"S12000036","2010/2011","Count","ktonnes",91.3,"Biodegradable Municipal Waste Sent To Landfill (Ktonnes)"
"S12000036","2008/2009","Count","ktonnes",101.2,"Biodegradable Municipal Waste Sent To Landfill (Ktonnes)"
"S12000036","2009/2010","Count","Tonnes",226601,"Waste Arisings (Tonnes)"
"S12000036","2006/2007","Count","Tonnes",264773,"Waste Arisings (Tonnes)"
"S12000036","2011/2012","Count","Tonnes",223222,"Waste Arisings (Tonnes)"
"S12000036","2005/2006","Count","Tonnes",261493,"Waste Arisings (Tonnes)"
"S12000036","2005/2006","Count","Kg Per Capita",571,"Waste Arisings Per Capita (Kg)"
"S12000036","2004/2005","Count","Kg Per Capita",585,"Waste Arisings Per Capita (Kg)"
"S12000036","2006/2007","Count","Kg Per Capita",571,"Waste Arisings Per Capita (Kg)"
"S12000036","2004/2005","Count","Tonnes",266614,"Waste Arisings (Tonnes)"
"S12000036","2009/2010","Count","Kg Per Capita",474,"Waste Arisings Per Capita (Kg)"
"S12000036","2008/2009","Count","Kg Per Capita",514,"Waste Arisings Per Capita (Kg)"
"S12000042","2006/2007","Count","Tonnes",92345,"Waste Arisings (Tonnes)"
"S12000042","2007/2008","Count","Tonnes",95351,"Waste Arisings (Tonnes)"
"S12000042","2005/2006","Count","ktonnes",9.9,"Biodegradable Municipal Waste Sent To Landfill (Ktonnes)"
"S12000042","2007/2008","Count","ktonnes",10.1,"Biodegradable Municipal Waste Sent To Landfill (Ktonnes)"
"S12000042","2009/2010","Count","Tonnes",95904,"Waste Arisings (Tonnes)"
"S12000042","2010/2011","Count","Tonnes",94944,"Waste Arisings (Tonnes)"
"S12000042","2008/2009","Count","Tonnes",93956,"Waste Arisings (Tonnes)"
"S12000042","2010/2011","Count","Kg Per Capita",658,"Waste Arisings Per Capita (Kg)"
"S12000042","2009/2010","Count","ktonnes",6.4,"Biodegradable Municipal Waste Sent To Landfill (Ktonnes)"
"S12000042","2007/2008","Count","Kg Per Capita",671,"Waste Arisings Per Capita (Kg)"
"S12000042","2006/2007","Count","Kg Per Capita",650,"Waste Arisings Per Capita (Kg)"
"S12000042","2006/2007","Count","ktonnes",13.1,"Biodegradable Municipal Waste Sent To Landfill (Ktonnes)"
"S12000042","2004/2005","Count","ktonnes",16.8,"Biodegradable Municipal Waste Sent To Landfill (Ktonnes)"
"S12000042","2008/2009","Count","ktonnes",9.1,"Biodegradable Municipal Waste Sent To Landfill (Ktonnes)"
"S12000044","2011/2012","Count","Kg Per Capita",546,"Waste Arisings Per Capita (Kg)"
"S12000044","2007/2008","Count","ktonnes",99,"Biodegradable Municipal Waste Sent To Landfill (Ktonnes)"
"S12000042","2009/2010","Count","Kg Per Capita",669,"Waste Arisings Per Capita (Kg)"
"S12000044","2010/2011","Count","Kg Per Capita",635,"Waste Arisings Per Capita (Kg)"
"S12000044","2006/2007","Count","ktonnes",99.1,"Biodegradable Municipal Waste Sent To Landfill (Ktonnes)"
"S12000044","2010/2011","Count","ktonnes",66.6,"Biodegradable Municipal Waste Sent To Landfill (Ktonnes)"
"S12000044","2005/2006","Count","ktonnes",100.7,"Biodegradable Municipal Waste Sent To Landfill (Ktonnes)"
"S12000042","2005/2006","Count","Tonnes",95416,"Waste Arisings (Tonnes)"
"S12000042","2004/2005","Count","Tonnes",99324,"Waste Arisings (Tonnes)"
"S12000042","2011/2012","Count","Tonnes",98268,"Waste Arisings (Tonnes)"
"S12000042","2004/2005","Count","Kg Per Capita",699,"Waste Arisings Per Capita (Kg)"
"S12000042","2005/2006","Count","Kg Per Capita",670,"Waste Arisings Per Capita (Kg)"
"S12000042","2010/2011","Count","ktonnes",3.5,"Biodegradable Municipal Waste Sent To Landfill (Ktonnes)"
"S12000041","2006/2007","Count","Kg Per Capita",718,"Waste Arisings Per Capita (Kg)"
"S12000041","2004/2005","Count","Kg Per Capita",713,"Waste Arisings Per Capita (Kg)"
"S12000041","2005/2006","Count","Kg Per Capita",690,"Waste Arisings Per Capita (Kg)"
"S12000041","2009/2010","Count","Tonnes",76780,"Waste Arisings (Tonnes)"
"S12000041","2006/2007","Count","Tonnes",78526,"Waste Arisings (Tonnes)"
"S12000041","2007/2008","Count","Tonnes",78185,"Waste Arisings (Tonnes)"
"S12000041","2004/2005","Count","Tonnes",77168,"Waste Arisings (Tonnes)"
"S12000041","2010/2011","Count","Tonnes",72965,"Waste Arisings (Tonnes)"
"S12000041","2009/2010","Count","Kg Per Capita",696,"Waste Arisings Per Capita (Kg)"
"S12000038","2006/2007","Count","Tonnes",100498,"Waste Arisings (Tonnes)"
"S12000038","2011/2012","Count","Kg Per Capita",530,"Waste Arisings Per Capita (Kg)"
"S12000041","2011/2012","Count","Tonnes",75181,"Waste Arisings (Tonnes)"
"S12000041","2007/2008","Count","Kg Per Capita",712,"Waste Arisings Per Capita (Kg)"
"S12000041","2005/2006","Count","Tonnes",73333,"Waste Arisings (Tonnes)"
"S12000041","2010/2011","Count","ktonnes",16.8,"Biodegradable Municipal Waste Sent To Landfill (Ktonnes)"
"S12000041","2004/2005","Count","ktonnes",25.6,"Biodegradable Municipal Waste Sent To Landfill (Ktonnes)"
"S12000041","2011/2012","Count","Kg Per Capita",680,"Waste Arisings Per Capita (Kg)"
"S12000041","2008/2009","Count","Kg Per Capita",701,"Waste Arisings Per Capita (Kg)"
"S12000042","2008/2009","Count","Kg Per Capita",659,"Waste Arisings Per Capita (Kg)"
"S12000042","2011/2012","Count","Kg Per Capita",675,"Waste Arisings Per Capita (Kg)"
"S12000041","2009/2010","Count","ktonnes",19,"Biodegradable Municipal Waste Sent To Landfill (Ktonnes)"
"S12000041","2008/2009","Count","ktonnes",20.6,"Biodegradable Municipal Waste Sent To Landfill (Ktonnes)"
"S12000041","2006/2007","Count","ktonnes",27.7,"Biodegradable Municipal Waste Sent To Landfill (Ktonnes)"
"S12000041","2008/2009","Count","Tonnes",77369,"Waste Arisings (Tonnes)"
"S12000041","2007/2008","Count","ktonnes",20.8,"Biodegradable Municipal Waste Sent To Landfill (Ktonnes)"
"S12000041","2010/2011","Count","Kg Per Capita",660,"Waste Arisings Per Capita (Kg)"
"S12000041","2005/2006","Count","ktonnes",20.2,"Biodegradable Municipal Waste Sent To Landfill (Ktonnes)"
"S12000010","2010/2011","Count","Kg Per Capita",636,"Waste Arisings Per Capita (Kg)"
"S12000010","2005/2006","Count","Tonnes",64331,"Waste Arisings (Tonnes)"
"S12000008","2007/2008","Count","ktonnes",26.6,"Biodegradable Municipal Waste Sent To Landfill (Ktonnes)"
"S12000008","2007/2008","Count","Kg Per Capita",617,"Waste Arisings Per Capita (Kg)"
"S12000010","2006/2007","Count","Tonnes",67689,"Waste Arisings (Tonnes)"
"S12000010","2005/2006","Count","Kg Per Capita",698,"Waste Arisings Per Capita (Kg)"
"S12000010","2008/2009","Count","Tonnes",68182,"Waste Arisings (Tonnes)"
"S12000008","2004/2005","Count","ktonnes",43,"Biodegradable Municipal Waste Sent To Landfill (Ktonnes)"
"S12000008","2004/2005","Count","Kg Per Capita",675,"Waste Arisings Per Capita (Kg)"
"S12000008","2005/2006","Count","Tonnes",71776,"Waste Arisings (Tonnes)"
"S12000008","2005/2006","Count","ktonnes",36.1,"Biodegradable Municipal Waste Sent To Landfill (Ktonnes)"
"S12000008","2008/2009","Count","ktonnes",26,"Biodegradable Municipal Waste Sent To Landfill (Ktonnes)"
"S12000008","2008/2009","Count","Kg Per Capita",600,"Waste Arisings Per Capita (Kg)"
"S12000010","2010/2011","Count","Tonnes",61986,"Waste Arisings (Tonnes)"
"S12000010","2009/2010","Count","Tonnes",65953,"Waste Arisings (Tonnes)"
"S12000010","2004/2005","Count","Kg Per Capita",711,"Waste Arisings Per Capita (Kg)"
"S12000010","2007/2008","Count","Tonnes",69978,"Waste Arisings (Tonnes)"
"S12000010","2005/2006","Count","ktonnes",29.2,"Biodegradable Municipal Waste Sent To Landfill (Ktonnes)"
"S12000010","2007/2008","Count","ktonnes",28.3,"Biodegradable Municipal Waste Sent To Landfill (Ktonnes)"
"S12000010","2004/2005","Count","Tonnes",64819,"Waste Arisings (Tonnes)"
"S12000010","2007/2008","Count","Kg Per Capita",741,"Waste Arisings Per Capita (Kg)"
"S12000010","2008/2009","Count","Kg Per Capita",709,"Waste Arisings Per Capita (Kg)"
"S12000010","2006/2007","Count","Kg Per Capita",729,"Waste Arisings Per Capita (Kg)"
"S12000010","2011/2012","Count","Kg Per Capita",638,"Waste Arisings Per Capita (Kg)"
"S12000010","2011/2012","Count","Tonnes",62617,"Waste Arisings (Tonnes)"
"S12000010","2009/2010","Count","Kg Per Capita",681,"Waste Arisings Per Capita (Kg)"
"S12000006","2009/2010","Count","Tonnes",93594,"Waste Arisings (Tonnes)"
"S12000006","2006/2007","Count","Tonnes",102130,"Waste Arisings (Tonnes)"
"S12000006","2005/2006","Count","Tonnes",102379,"Waste Arisings (Tonnes)"
"S12000006","2007/2008","Count","Kg Per Capita",677,"Waste Arisings Per Capita (Kg)"
"S12000008","2005/2006","Count","Kg Per Capita",698,"Waste Arisings Per Capita (Kg)"
"S12000008","2006/2007","Count","Kg Per Capita",620,"Waste Arisings Per Capita (Kg)"
"S12000006","2004/2005","Count","Tonnes",108974,"Waste Arisings (Tonnes)"
"S12000006","2004/2005","Count","ktonnes",67.3,"Biodegradable Municipal Waste Sent To Landfill (Ktonnes)"
"S12000006","2007/2008","Count","Tonnes",100349,"Waste Arisings (Tonnes)"
"S12000006","2005/2006","Count","ktonnes",58.3,"Biodegradable Municipal Waste Sent To Landfill (Ktonnes)"
"S12000006","2010/2011","Count","Tonnes",94864,"Waste Arisings (Tonnes)"
"S12000006","2011/2012","Count","Tonnes",94477,"Waste Arisings (Tonnes)"
"S12000006","2008/2009","Count","Tonnes",94697,"Waste Arisings (Tonnes)"
"S12000008","2010/2011","Count","Tonnes",69069,"Waste Arisings (Tonnes)"
"S12000008","2010/2011","Count","Kg Per Capita",574,"Waste Arisings Per Capita (Kg)"
"S12000008","2006/2007","Count","Tonnes",73976,"Waste Arisings (Tonnes)"
"S12000008","2011/2012","Count","Tonnes",74296,"Waste Arisings (Tonnes)"
"S12000008","2009/2010","Count","Kg Per Capita",598,"Waste Arisings Per Capita (Kg)"
"S12000008","2007/2008","Count","Tonnes",73808,"Waste Arisings (Tonnes)"
"S12000008","2004/2005","Count","Tonnes",80742,"Waste Arisings (Tonnes)"
"S12000008","2006/2007","Count","ktonnes",29.9,"Biodegradable Municipal Waste Sent To Landfill (Ktonnes)"
"S12000008","2011/2012","Count","Kg Per Capita",618,"Waste Arisings Per Capita (Kg)"
"S12000008","2009/2010","Count","ktonnes",25.6,"Biodegradable Municipal Waste Sent To Landfill (Ktonnes)"
"S12000008","2009/2010","Count","Tonnes",71905,"Waste Arisings (Tonnes)"
"S12000008","2008/2009","Count","Tonnes",71931,"Waste Arisings (Tonnes)"
"S12000008","2010/2011","Count","ktonnes",24.2,"Biodegradable Municipal Waste Sent To Landfill (Ktonnes)"
"S12000013","2010/2011","Count","ktonnes",10.7,"Biodegradable Municipal Waste Sent To Landfill (Ktonnes)"
"S12000013","2007/2008","Count","ktonnes",9.2,"Biodegradable Municipal Waste Sent To Landfill (Ktonnes)"
"S12000013","2007/2008","Count","Kg Per Capita",736,"Waste Arisings Per Capita (Kg)"
"S12000013","2006/2007","Count","Kg Per Capita",819,"Waste Arisings Per Capita (Kg)"
"S12000013","2011/2012","Count","Kg Per Capita",822,"Waste Arisings Per Capita (Kg)"
"S12000013","2010/2011","Count","Tonnes",22262,"Waste Arisings (Tonnes)"
"S12000013","2009/2010","Count","ktonnes",10.4,"Biodegradable Municipal Waste Sent To Landfill (Ktonnes)"
"S12000011","2005/2006","Count","ktonnes",24.2,"Biodegradable Municipal Waste Sent To Landfill (Ktonnes)"
"S12000013","2006/2007","Count","ktonnes",11.2,"Biodegradable Municipal Waste Sent To Landfill (Ktonnes)"
"S12000011","2010/2011","Count","Tonnes",47002,"Waste Arisings (Tonnes)"
"S12000013","2010/2011","Count","Kg Per Capita",850,"Waste Arisings Per Capita (Kg)"
"S12000013","2009/2010","Count","Kg Per Capita",848,"Waste Arisings Per Capita (Kg)"
"S12000013","2008/2009","Count","Kg Per Capita",903,"Waste Arisings Per Capita (Kg)"
"S12000013","2005/2006","Count","ktonnes",13,"Biodegradable Municipal Waste Sent To Landfill (Ktonnes)"
"S12000013","2008/2009","Count","ktonnes",12,"Biodegradable Municipal Waste Sent To Landfill (Ktonnes)"
"S12000013","2011/2012","Count","Tonnes",21439,"Waste Arisings (Tonnes)"
"S12000013","2007/2008","Count","Tonnes",19355,"Waste Arisings (Tonnes)"
"S12000013","2008/2009","Count","Tonnes",23647,"Waste Arisings (Tonnes)"
"S12000014","2008/2009","Count","Tonnes",95993,"Waste Arisings (Tonnes)"
"S12000013","2004/2005","Count","Tonnes",19642,"Waste Arisings (Tonnes)"
"S12000013","2005/2006","Count","Tonnes",22786,"Waste Arisings (Tonnes)"
"S12000013","2005/2006","Count","Kg Per Capita",807,"Waste Arisings Per Capita (Kg)"
"S12000013","2006/2007","Count","Tonnes",21592,"Waste Arisings (Tonnes)"
"S12000013","2004/2005","Count","ktonnes",12.7,"Biodegradable Municipal Waste Sent To Landfill (Ktonnes)"
"S12000013","2009/2010","Count","Tonnes",22211,"Waste Arisings (Tonnes)"
"S12000013","2004/2005","Count","Kg Per Capita",797,"Waste Arisings Per Capita (Kg)"
"S12000011","2011/2012","Count","Tonnes",49027,"Waste Arisings (Tonnes)"
"S12000011","2004/2005","Count","Tonnes",58516,"Waste Arisings (Tonnes)"
"S12000011","2004/2005","Count","Kg Per Capita",614,"Waste Arisings Per Capita (Kg)"
"S12000011","2005/2006","Count","Tonnes",58117,"Waste Arisings (Tonnes)"
"S12000011","2011/2012","Count","Kg Per Capita",546,"Waste Arisings Per Capita (Kg)"
"S12000011","2004/2005","Count","ktonnes",25.2,"Biodegradable Municipal Waste Sent To Landfill (Ktonnes)"
"S12000011","2010/2011","Count","Kg Per Capita",525,"Waste Arisings Per Capita (Kg)"
"S12000010","2008/2009","Count","ktonnes",26.2,"Biodegradable Municipal Waste Sent To Landfill (Ktonnes)"
"S12000010","2009/2010","Count","ktonnes",23.8,"Biodegradable Municipal Waste Sent To Landfill (Ktonnes)"
"S12000010","2006/2007","Count","ktonnes",28.7,"Biodegradable Municipal Waste Sent To Landfill (Ktonnes)"
"S12000010","2010/2011","Count","ktonnes",21,"Biodegradable Municipal Waste Sent To Landfill (Ktonnes)"
"S12000011","2009/2010","Count","ktonnes",19.8,"Biodegradable Municipal Waste Sent To Landfill (Ktonnes)"
"S12000010","2004/2005","Count","ktonnes",32.3,"Biodegradable Municipal Waste Sent To Landfill (Ktonnes)"
"S12000011","2009/2010","Count","Tonnes",50553,"Waste Arisings (Tonnes)"
"S12000011","2007/2008","Count","Tonnes",55883,"Waste Arisings (Tonnes)"
"S12000011","2005/2006","Count","Kg Per Capita",645,"Waste Arisings Per Capita (Kg)"
"S12000011","2006/2007","Count","Tonnes",57001,"Waste Arisings (Tonnes)"
"S12000011","2008/2009","Count","Tonnes",53247,"Waste Arisings (Tonnes)"
"S12000011","2006/2007","Count","ktonnes",24.4,"Biodegradable Municipal Waste Sent To Landfill (Ktonnes)"
"S12000011","2010/2011","Count","ktonnes",13.3,"Biodegradable Municipal Waste Sent To Landfill (Ktonnes)"
"S12000011","2007/2008","Count","ktonnes",22.4,"Biodegradable Municipal Waste Sent To Landfill (Ktonnes)"
"S12000011","2007/2008","Count","Kg Per Capita",626,"Waste Arisings Per Capita (Kg)"
"S12000011","2008/2009","Count","ktonnes",20.4,"Biodegradable Municipal Waste Sent To Landfill (Ktonnes)"
"S12000011","2008/2009","Count","Kg Per Capita",597,"Waste Arisings Per Capita (Kg)"
"S12000011","2006/2007","Count","Kg Per Capita",638,"Waste Arisings Per Capita (Kg)"
"S12000011","2009/2010","Count","Kg Per Capita",566,"Waste Arisings Per Capita (Kg)"
"S12000040","2009/2010","Count","Tonnes",108936,"Waste Arisings (Tonnes)"
"S12000040","2011/2012","Count","Tonnes",112110,"Waste Arisings (Tonnes)"
"S12000040","2005/2006","Count","ktonnes",45.8,"Biodegradable Municipal Waste Sent To Landfill (Ktonnes)"
"S12000040","2004/2005","Count","ktonnes",54.1,"Biodegradable Municipal Waste Sent To Landfill (Ktonnes)"
"S12000040","2004/2005","Count","Tonnes",109265,"Waste Arisings (Tonnes)"
"S12000040","2005/2006","Count","Tonnes",111374,"Waste Arisings (Tonnes)"
"S12000040","2010/2011","Count","Tonnes",109783,"Waste Arisings (Tonnes)"
"S12000040","2010/2011","Count","Kg Per Capita",638,"Waste Arisings Per Capita (Kg)"
"S12000040","2008/2009","Count","Kg Per Capita",652,"Waste Arisings Per Capita (Kg)"
"S12000040","2009/2010","Count","Kg Per Capita",637,"Waste Arisings Per Capita (Kg)"
"S12000040","2007/2008","Count","Tonnes",109635,"Waste Arisings (Tonnes)"
"S12000040","2008/2009","Count","Tonnes",110520,"Waste Arisings (Tonnes)"
"S12000040","2006/2007","Count","Tonnes",112912,"Waste Arisings (Tonnes)"
"S92000003","2004/2005","Count","Kg Per Capita",671,"Waste Arisings Per Capita (Kg)"
"S92000003","2009/2010","Count","Kg Per Capita",616,"Waste Arisings Per Capita (Kg)"
"S12000040","2006/2007","Count","ktonnes",45.3,"Biodegradable Municipal Waste Sent To Landfill (Ktonnes)"
"S92000003","2010/2011","Count","Kg Per Capita",602,"Waste Arisings Per Capita (Kg)"
"S92000003","2008/2009","Count","Kg Per Capita",636,"Waste Arisings Per Capita (Kg)"
"S92000003","2006/2007","Count","Kg Per Capita",672,"Waste Arisings Per Capita (Kg)"
"S92000003","2011/2012","Count","Kg Per Capita",582,"Waste Arisings Per Capita (Kg)"
"S12000040","2006/2007","Count","Kg Per Capita",681,"Waste Arisings Per Capita (Kg)"
"S12000040","2004/2005","Count","Kg Per Capita",673,"Waste Arisings Per Capita (Kg)"
"S12000040","2005/2006","Count","Kg Per Capita",677,"Waste Arisings Per Capita (Kg)"
"S12000040","2007/2008","Count","ktonnes",40.6,"Biodegradable Municipal Waste Sent To Landfill (Ktonnes)"
"S12000040","2007/2008","Count","Kg Per Capita",653,"Waste Arisings Per Capita (Kg)"
"S12000040","2008/2009","Count","ktonnes",35.2,"Biodegradable Municipal Waste Sent To Landfill (Ktonnes)"
"S12000039","2007/2008","Count","Kg Per Capita",659,"Waste Arisings Per Capita (Kg)"
"S12000039","2007/2008","Count","ktonnes",25.9,"Biodegradable Municipal Waste Sent To Landfill (Ktonnes)"
"S12000039","2005/2006","Count","Kg Per Capita",670,"Waste Arisings Per Capita (Kg)"
"S12000039","2011/2012","Count","Kg Per Capita",499,"Waste Arisings Per Capita (Kg)"
"S12000039","2006/2007","Count","ktonnes",27.1,"Biodegradable Municipal Waste Sent To Landfill (Ktonnes)"
"S12000039","2008/2009","Count","ktonnes",22.6,"Biodegradable Municipal Waste Sent To Landfill (Ktonnes)"
"S12000039","2006/2007","Count","Kg Per Capita",666,"Waste Arisings Per Capita (Kg)"
"S12000039","2004/2005","Count","ktonnes",37.6,"Biodegradable Municipal Waste Sent To Landfill (Ktonnes)"
"S12000039","2007/2008","Count","Tonnes",59995,"Waste Arisings (Tonnes)"
"S12000039","2004/2005","Count","Kg Per Capita",697,"Waste Arisings Per Capita (Kg)"
"S12000039","2009/2010","Count","ktonnes",20.8,"Biodegradable Municipal Waste Sent To Landfill (Ktonnes)"
"S12000039","2010/2011","Count","ktonnes",18.2,"Biodegradable Municipal Waste Sent To Landfill (Ktonnes)"
"S12000039","2005/2006","Count","ktonnes",30.9,"Biodegradable Municipal Waste Sent To Landfill (Ktonnes)"
"S12000039","2011/2012","Count","Tonnes",45106,"Waste Arisings (Tonnes)"
"S12000039","2009/2010","Count","Tonnes",48550,"Waste Arisings (Tonnes)"
"S12000039","2005/2006","Count","Tonnes",61220,"Waste Arisings (Tonnes)"
"S12000039","2006/2007","Count","Tonnes",60742,"Waste Arisings (Tonnes)"
"S12000040","2009/2010","Count","ktonnes",33.9,"Biodegradable Municipal Waste Sent To Landfill (Ktonnes)"
"S12000040","2011/2012","Count","Kg Per Capita",648,"Waste Arisings Per Capita (Kg)"
"S12000040","2010/2011","Count","ktonnes",35,"Biodegradable Municipal Waste Sent To Landfill (Ktonnes)"
"S12000039","2008/2009","Count","Kg Per Capita",584,"Waste Arisings Per Capita (Kg)"
"S12000039","2010/2011","Count","Kg Per Capita",529,"Waste Arisings Per Capita (Kg)"
"S12000039","2010/2011","Count","Tonnes",47927,"Waste Arisings (Tonnes)"
"S12000039","2004/2005","Count","Tonnes",64114,"Waste Arisings (Tonnes)"
"S12000039","2008/2009","Count","Tonnes",53143,"Waste Arisings (Tonnes)"
"S12000039","2009/2010","Count","Kg Per Capita",534,"Waste Arisings Per Capita (Kg)"
"S12000005","2005/2006","Count","Kg Per Capita",758,"Waste Arisings Per Capita (Kg)"
"S12000005","2010/2011","Count","Kg Per Capita",620,"Waste Arisings Per Capita (Kg)"
"S12000005","2006/2007","Count","ktonnes",15.8,"Biodegradable Municipal Waste Sent To Landfill (Ktonnes)"
"S12000005","2007/2008","Count","Kg Per Capita",713,"Waste Arisings Per Capita (Kg)"
"S12000005","2008/2009","Count","Kg Per Capita",664,"Waste Arisings Per Capita (Kg)"
"S12000005","2009/2010","Count","Kg Per Capita",629,"Waste Arisings Per Capita (Kg)"
"S12000005","2004/2005","Count","Kg Per Capita",716,"Waste Arisings Per Capita (Kg)"
"S12000005","2008/2009","Count","ktonnes",13.1,"Biodegradable Municipal Waste Sent To Landfill (Ktonnes)"
"S12000005","2007/2008","Count","ktonnes",14.2,"Biodegradable Municipal Waste Sent To Landfill (Ktonnes)"
"S12000005","2009/2010","Count","ktonnes",11.4,"Biodegradable Municipal Waste Sent To Landfill (Ktonnes)"
"S12000005","2006/2007","Count","Tonnes",38004,"Waste Arisings (Tonnes)"
"S12000005","2004/2005","Count","ktonnes",14.2,"Biodegradable Municipal Waste Sent To Landfill (Ktonnes)"
"S12000005","2005/2006","Count","ktonnes",16,"Biodegradable Municipal Waste Sent To Landfill (Ktonnes)"
"S12000006","2009/2010","Count","ktonnes",23,"Biodegradable Municipal Waste Sent To Landfill (Ktonnes)"
"S12000006","2010/2011","Count","Kg Per Capita",640,"Waste Arisings Per Capita (Kg)"
"S12000006","2004/2005","Count","Kg Per Capita",754,"Waste Arisings Per Capita (Kg)"
"S12000006","2010/2011","Count","ktonnes",20.8,"Biodegradable Municipal Waste Sent To Landfill (Ktonnes)"
"S12000006","2007/2008","Count","ktonnes",37,"Biodegradable Municipal Waste Sent To Landfill (Ktonnes)"
"S12000006","2006/2007","Count","ktonnes",45.5,"Biodegradable Municipal Waste Sent To Landfill (Ktonnes)"
"S12000006","2008/2009","Count","ktonnes",24.6,"Biodegradable Municipal Waste Sent To Landfill (Ktonnes)"
"S12000006","2011/2012","Count","Kg Per Capita",638,"Waste Arisings Per Capita (Kg)"
"S12000006","2009/2010","Count","Kg Per Capita",630,"Waste Arisings Per Capita (Kg)"
"S12000005","2011/2012","Count","Kg Per Capita",611,"Waste Arisings Per Capita (Kg)"
"S12000006","2006/2007","Count","Kg Per Capita",690,"Waste Arisings Per Capita (Kg)"
"S12000006","2005/2006","Count","Kg Per Capita",690,"Waste Arisings Per Capita (Kg)"
"S12000006","2008/2009","Count","Kg Per Capita",637,"Waste Arisings Per Capita (Kg)"
"S92000003","2007/2008","Count","Tonnes",3413701,"Waste Arisings (Tonnes)"
"S92000003","2006/2007","Count","Tonnes",3437046,"Waste Arisings (Tonnes)"
"S92000003","2004/2005","Count","Tonnes",3406601,"Waste Arisings (Tonnes)"
"S92000003","2005/2006","Count","Tonnes",3448413,"Waste Arisings (Tonnes)"
"S92000003","2009/2010","Count","ktonnes",1162.7,"Biodegradable Municipal Waste Sent To Landfill (Ktonnes)"
"S92000003","2005/2006","Count","ktonnes",1541.6,"Biodegradable Municipal Waste Sent To Landfill (Ktonnes)"
"S92000003","2004/2005","Count","ktonnes",1724.3,"Biodegradable Municipal Waste Sent To Landfill (Ktonnes)"
"S92000003","2007/2008","Count","Kg Per Capita",664,"Waste Arisings Per Capita (Kg)"
"S92000003","2011/2012","Count","Tonnes",3060750,"Waste Arisings (Tonnes)"
"S92000003","2005/2006","Count","Kg Per Capita",670,"Waste Arisings Per Capita (Kg)"
"S92000003","2010/2011","Count","Tonnes",3141204,"Waste Arisings (Tonnes)"
"S92000003","2009/2010","Count","Tonnes",3197276,"Waste Arisings (Tonnes)"
"S92000003","2008/2009","Count","Tonnes",3288069,"Waste Arisings (Tonnes)"
"S12000005","2009/2010","Count","Tonnes",31767,"Waste Arisings (Tonnes)"
"S12000005","2006/2007","Count","Kg Per Capita",777,"Waste Arisings Per Capita (Kg)"
"S12000005","2007/2008","Count","Tonnes",35578,"Waste Arisings (Tonnes)"
"S12000005","2004/2005","Count","Tonnes",34980,"Waste Arisings (Tonnes)"
"S12000005","2010/2011","Count","Tonnes",31367,"Waste Arisings (Tonnes)"
"S12000005","2010/2011","Count","ktonnes",10.3,"Biodegradable Municipal Waste Sent To Landfill (Ktonnes)"
"S12000005","2008/2009","Count","Tonnes",33533,"Waste Arisings (Tonnes)"
"S92000003","2007/2008","Count","ktonnes",1369.6,"Biodegradable Municipal Waste Sent To Landfill (Ktonnes)"
"S92000003","2008/2009","Count","ktonnes",1255.7,"Biodegradable Municipal Waste Sent To Landfill (Ktonnes)"
"S92000003","2006/2007","Count","ktonnes",1471,"Biodegradable Municipal Waste Sent To Landfill (Ktonnes)"
"S12000005","2005/2006","Count","Tonnes",36990,"Waste Arisings (Tonnes)"
"S12000005","2011/2012","Count","Tonnes",30999,"Waste Arisings (Tonnes)"
"S92000003","2010/2011","Count","ktonnes",1104,"Biodegradable Municipal Waste Sent To Landfill (Ktonnes)"
"S12000020","2009/2010","Count","Tonnes",64531,"Waste Arisings (Tonnes)"
"S12000020","2011/2012","Count","Tonnes",60930,"Waste Arisings (Tonnes)"
"S12000017","2007/2008","Count","ktonnes",70.3,"Biodegradable Municipal Waste Sent To Landfill (Ktonnes)"
"S12000020","2008/2009","Count","Tonnes",63787,"Waste Arisings (Tonnes)"
"S12000020","2007/2008","Count","Tonnes",64332,"Waste Arisings (Tonnes)"
"S12000020","2010/2011","Count","Kg Per Capita",760,"Waste Arisings Per Capita (Kg)"
"S12000017","2004/2005","Count","ktonnes",92.9,"Biodegradable Municipal Waste Sent To Landfill (Ktonnes)"
"S12000020","2004/2005","Count","Tonnes",68493,"Waste Arisings (Tonnes)"
"S12000018","2004/2005","Count","Tonnes",50748,"Waste Arisings (Tonnes)"
"S12000019","2008/2009","Count","Tonnes",51284,"Waste Arisings (Tonnes)"
"S12000020","2006/2007","Count","Tonnes",65124,"Waste Arisings (Tonnes)"
"S12000018","2009/2010","Count","Tonnes",46820,"Waste Arisings (Tonnes)"
"S12000019","2006/2007","Count","Kg Per Capita",680,"Waste Arisings Per Capita (Kg)"
"S12000018","2005/2006","Count","ktonnes",25.7,"Biodegradable Municipal Waste Sent To Landfill (Ktonnes)"
"S12000020","2005/2006","Count","Tonnes",61696,"Waste Arisings (Tonnes)"
"S12000020","2010/2011","Count","Tonnes",66659,"Waste Arisings (Tonnes)"
"S12000018","2010/2011","Count","Tonnes",46422,"Waste Arisings (Tonnes)"
"S12000018","2006/2007","Count","Tonnes",53330,"Waste Arisings (Tonnes)"
"S12000020","2011/2012","Count","Kg Per Capita",698,"Waste Arisings Per Capita (Kg)"
"S12000018","2005/2006","Count","Tonnes",51988,"Waste Arisings (Tonnes)"
"S12000018","2008/2009","Count","Tonnes",49348,"Waste Arisings (Tonnes)"
"S12000019","2010/2011","Count","Tonnes",46621,"Waste Arisings (Tonnes)"
"S12000017","2009/2010","Count","ktonnes",64.3,"Biodegradable Municipal Waste Sent To Landfill (Ktonnes)"
"S12000019","2006/2007","Count","ktonnes",21.7,"Biodegradable Municipal Waste Sent To Landfill (Ktonnes)"
"S12000017","2006/2007","Count","ktonnes",77.4,"Biodegradable Municipal Waste Sent To Landfill (Ktonnes)"
"S12000017","2008/2009","Count","ktonnes",67.7,"Biodegradable Municipal Waste Sent To Landfill (Ktonnes)"
"S12000019","2010/2011","Count","ktonnes",14.8,"Biodegradable Municipal Waste Sent To Landfill (Ktonnes)"
"S12000018","2004/2005","Count","ktonnes",28.7,"Biodegradable Municipal Waste Sent To Landfill (Ktonnes)"
"S12000020","2010/2011","Count","ktonnes",23.1,"Biodegradable Municipal Waste Sent To Landfill (Ktonnes)"
"S12000018","2011/2012","Count","Tonnes",44915,"Waste Arisings (Tonnes)"
"S12000019","2005/2006","Count","ktonnes",25.2,"Biodegradable Municipal Waste Sent To Landfill (Ktonnes)"
"S12000019","2004/2005","Count","ktonnes",33.8,"Biodegradable Municipal Waste Sent To Landfill (Ktonnes)"
"S12000017","2010/2011","Count","ktonnes",63.8,"Biodegradable Municipal Waste Sent To Landfill (Ktonnes)"
"S12000017","2005/2006","Count","ktonnes",82,"Biodegradable Municipal Waste Sent To Landfill (Ktonnes)"
"S12000017","2004/2005","Count","Kg Per Capita",749,"Waste Arisings Per Capita (Kg)"
"S12000017","2011/2012","Count","Kg Per Capita",673,"Waste Arisings Per Capita (Kg)"
"S12000018","2004/2005","Count","Kg Per Capita",592,"Waste Arisings Per Capita (Kg)"
"S12000019","2009/2010","Count","Kg Per Capita",597,"Waste Arisings Per Capita (Kg)"
"S12000019","2011/2012","Count","Tonnes",48770,"Waste Arisings (Tonnes)"
"S12000017","2006/2007","Count","Tonnes",163744,"Waste Arisings (Tonnes)"
"S12000019","2009/2010","Count","ktonnes",16.2,"Biodegradable Municipal Waste Sent To Landfill (Ktonnes)"
"S12000017","2006/2007","Count","Kg Per Capita",761,"Waste Arisings Per Capita (Kg)"
"S12000017","2010/2011","Count","Tonnes",155213,"Waste Arisings (Tonnes)"
"S12000017","2008/2009","Count","Kg Per Capita",734,"Waste Arisings Per Capita (Kg)"
"S12000017","2005/2006","Count","Kg Per Capita",754,"Waste Arisings Per Capita (Kg)"
"S12000019","2005/2006","Count","Tonnes",52567,"Waste Arisings (Tonnes)"
"S12000019","2006/2007","Count","Tonnes",53917,"Waste Arisings (Tonnes)"
"S12000019","2004/2005","Count","Kg Per Capita",688,"Waste Arisings Per Capita (Kg)"
"S12000019","2011/2012","Count","Kg Per Capita",592,"Waste Arisings Per Capita (Kg)"
"S12000019","2005/2006","Count","Kg Per Capita",669,"Waste Arisings Per Capita (Kg)"
"S12000019","2010/2011","Count","Kg Per Capita",575,"Waste Arisings Per Capita (Kg)"
"S12000017","2010/2011","Count","Kg Per Capita",700,"Waste Arisings Per Capita (Kg)"
"S12000017","2007/2008","Count","Kg Per Capita",756,"Waste Arisings Per Capita (Kg)"
"S12000017","2007/2008","Count","Tonnes",164315,"Waste Arisings (Tonnes)"
"S12000017","2008/2009","Count","Tonnes",161146,"Waste Arisings (Tonnes)"
"S12000017","2009/2010","Count","Kg Per Capita",719,"Waste Arisings Per Capita (Kg)"
"S12000019","2009/2010","Count","Tonnes",48242,"Waste Arisings (Tonnes)"
"S12000017","2005/2006","Count","Tonnes",161082,"Waste Arisings (Tonnes)"
"S12000019","2004/2005","Count","Tonnes",54745,"Waste Arisings (Tonnes)"
"S12000018","2006/2007","Count","Kg Per Capita",654,"Waste Arisings Per Capita (Kg)"
"S12000017","2009/2010","Count","Tonnes",158451,"Waste Arisings (Tonnes)"
"S12000019","2007/2008","Count","Tonnes",52271,"Waste Arisings (Tonnes)"
"S12000018","2007/2008","Count","Tonnes",51871,"Waste Arisings (Tonnes)"
"S12000017","2004/2005","Count","Tonnes",158338,"Waste Arisings (Tonnes)"
"S12000019","2008/2009","Count","Kg Per Capita",637,"Waste Arisings Per Capita (Kg)"
"S12000017","2011/2012","Count","Tonnes",149574,"Waste Arisings (Tonnes)"
"S12000019","2007/2008","Count","Kg Per Capita",657,"Waste Arisings Per Capita (Kg)"
"S12000019","2008/2009","Count","ktonnes",18.4,"Biodegradable Municipal Waste Sent To Landfill (Ktonnes)"
"S12000014","2004/2005","Count","Tonnes",111683,"Waste Arisings (Tonnes)"
"S12000020","2008/2009","Count","ktonnes",21.2,"Biodegradable Municipal Waste Sent To Landfill (Ktonnes)"
"S12000014","2008/2009","Count","ktonnes",31.8,"Biodegradable Municipal Waste Sent To Landfill (Ktonnes)"
"S12000018","2006/2007","Count","ktonnes",26.2,"Biodegradable Municipal Waste Sent To Landfill (Ktonnes)"
"S12000014","2005/2006","Count","Tonnes",115168,"Waste Arisings (Tonnes)"
"S12000018","2010/2011","Count","ktonnes",19.3,"Biodegradable Municipal Waste Sent To Landfill (Ktonnes)"
"S12000014","2004/2005","Count","Kg Per Capita",761,"Waste Arisings Per Capita (Kg)"
"S12000014","2011/2012","Count","Kg Per Capita",585,"Waste Arisings Per Capita (Kg)"
"S12000014","2009/2010","Count","ktonnes",29.9,"Biodegradable Municipal Waste Sent To Landfill (Ktonnes)"
"S12000014","2006/2007","Count","Kg Per Capita",761,"Waste Arisings Per Capita (Kg)"
"S12000018","2009/2010","Count","Kg Per Capita",584,"Waste Arisings Per Capita (Kg)"
"S12000014","2006/2007","Count","Tonnes",113845,"Waste Arisings (Tonnes)"
"S12000020","2007/2008","Count","ktonnes",21.3,"Biodegradable Municipal Waste Sent To Landfill (Ktonnes)"
"S12000020","2006/2007","Count","Kg Per Capita",751,"Waste Arisings Per Capita (Kg)"
"S12000020","2009/2010","Count","Kg Per Capita",736,"Waste Arisings Per Capita (Kg)"
"S12000019","2007/2008","Count","ktonnes",19.2,"Biodegradable Municipal Waste Sent To Landfill (Ktonnes)"
"S12000018","2008/2009","Count","ktonnes",24.3,"Biodegradable Municipal Waste Sent To Landfill (Ktonnes)"
"S12000018","2007/2008","Count","ktonnes",25.1,"Biodegradable Municipal Waste Sent To Landfill (Ktonnes)"
"S12000020","2004/2005","Count","ktonnes",39.7,"Biodegradable Municipal Waste Sent To Landfill (Ktonnes)"
"S12000018","2010/2011","Count","Kg Per Capita",582,"Waste Arisings Per Capita (Kg)"
"S12000018","2011/2012","Count","Kg Per Capita",567,"Waste Arisings Per Capita (Kg)"
"S12000018","2009/2010","Count","ktonnes",19.8,"Biodegradable Municipal Waste Sent To Landfill (Ktonnes)"
"S12000020","2005/2006","Count","ktonnes",26.3,"Biodegradable Municipal Waste Sent To Landfill (Ktonnes)"
"S12000014","2005/2006","Count","ktonnes",51.6,"Biodegradable Municipal Waste Sent To Landfill (Ktonnes)"
"S12000020","2005/2006","Count","Kg Per Capita",714,"Waste Arisings Per Capita (Kg)"
"S12000014","2010/2011","Count","ktonnes",27.3,"Biodegradable Municipal Waste Sent To Landfill (Ktonnes)"
"S12000014","2005/2006","Count","Kg Per Capita",772,"Waste Arisings Per Capita (Kg)"
"S12000014","2008/2009","Count","Kg Per Capita",633,"Waste Arisings Per Capita (Kg)"
"S12000014","2011/2012","Count","Tonnes",90309,"Waste Arisings (Tonnes)"
"S12000020","2009/2010","Count","ktonnes",22.7,"Biodegradable Municipal Waste Sent To Landfill (Ktonnes)"
"S12000020","2006/2007","Count","ktonnes",23.6,"Biodegradable Municipal Waste Sent To Landfill (Ktonnes)"
"S12000014","2006/2007","Count","ktonnes",45.2,"Biodegradable Municipal Waste Sent To Landfill (Ktonnes)"
"S12000014","2004/2005","Count","ktonnes",56.4,"Biodegradable Municipal Waste Sent To Landfill (Ktonnes)"
"S12000014","2007/2008","Count","Tonnes",102264,"Waste Arisings (Tonnes)"
"S12000014","2007/2008","Count","ktonnes",36.3,"Biodegradable Municipal Waste Sent To Landfill (Ktonnes)"
"S12000018","2005/2006","Count","Kg Per Capita",633,"Waste Arisings Per Capita (Kg)"
"S12000018","2007/2008","Count","Kg Per Capita",640,"Waste Arisings Per Capita (Kg)"
"S12000020","2004/2005","Count","Kg Per Capita",903,"Waste Arisings Per Capita (Kg)"
"S12000014","2010/2011","Count","Tonnes",90122,"Waste Arisings (Tonnes)"
"S12000014","2010/2011","Count","Kg Per Capita",588,"Waste Arisings Per Capita (Kg)"
"S12000018","2008/2009","Count","Kg Per Capita",611,"Waste Arisings Per Capita (Kg)"
"S12000014","2009/2010","Count","Tonnes",90980,"Waste Arisings (Tonnes)"
"S12000020","2008/2009","Count","Kg Per Capita",727,"Waste Arisings Per Capita (Kg)"
"S12000014","2007/2008","Count","Kg Per Capita",679,"Waste Arisings Per Capita (Kg)"
"S12000020","2007/2008","Count","Kg Per Capita",741,"Waste Arisings Per Capita (Kg)"
"S12000014","2009/2010","Count","Kg Per Capita",597,"Waste Arisings Per Capita (Kg)"
"S12000026","2007/2008","Ratio","Percent Of Municipal Waste",33.5,"Waste Recycled"
"S92000003","2011/2012","Ratio","Percent Of Municipal Waste",41.2,"Waste Recycled"
"S12000026","2009/2010","Ratio","Percent Of Municipal Waste",37.8,"Waste Recycled"
"S12000026","2011/2012","Ratio","Percent Of Municipal Waste",41.3,"Waste Recycled"
"S12000005","2005/2006","Ratio","Percent Of Municipal Waste",40.2,"Waste Recycled"
"S12000042","2004/2005","Ratio","Percent Of Municipal Waste",26.5,"Waste Recycled"
"S12000045","2007/2008","Ratio","Percent Of Municipal Waste",32.2,"Waste Recycled"
"S12000005","2007/2008","Ratio","Percent Of Municipal Waste",42.2,"Waste Recycled"
"S92000003","2010/2011","Ratio","Percent Of Municipal Waste",38.2,"Waste Recycled"
"S92000003","2004/2005","Ratio","Percent Of Municipal Waste",17.1,"Waste Recycled"
"S12000026","2008/2009","Ratio","Percent Of Municipal Waste",36,"Waste Recycled"
"S12000005","2009/2010","Ratio","Percent Of Municipal Waste",46.7,"Waste Recycled"
"S12000005","2008/2009","Ratio","Percent Of Municipal Waste",44.9,"Waste Recycled"
"S92000003","2007/2008","Ratio","Percent Of Municipal Waste",31.6,"Waste Recycled"
"S12000044","2011/2012","Ratio","Percent Of Municipal Waste",38.6,"Waste Recycled"
"S12000044","2009/2010","Ratio","Percent Of Municipal Waste",42.9,"Waste Recycled"
"S12000019","2005/2006","Ratio","Percent Of Municipal Waste",21.6,"Waste Recycled"
"S12000044","2007/2008","Ratio","Percent Of Municipal Waste",31.8,"Waste Recycled"
"S12000044","2008/2009","Ratio","Percent Of Municipal Waste",38.6,"Waste Recycled"
"S12000044","2005/2006","Ratio","Percent Of Municipal Waste",26.8,"Waste Recycled"
"S12000019","2011/2012","Ratio","Percent Of Municipal Waste",45.9,"Waste Recycled"
"S12000019","2008/2009","Ratio","Percent Of Municipal Waste",37.4,"Waste Recycled"
"S12000019","2004/2005","Ratio","Percent Of Municipal Waste",4.7,"Waste Recycled"
"S12000019","2006/2007","Ratio","Percent Of Municipal Waste",31.8,"Waste Recycled"
"S12000044","2004/2005","Ratio","Percent Of Municipal Waste",18.2,"Waste Recycled"
"S12000019","2007/2008","Ratio","Percent Of Municipal Waste",35.8,"Waste Recycled"
"S12000045","2011/2012","Ratio","Percent Of Municipal Waste",40.9,"Waste Recycled"
"S12000026","2004/2005","Ratio","Percent Of Municipal Waste",7.8,"Waste Recycled"
"S12000018","2006/2007","Ratio","Percent Of Municipal Waste",20.1,"Waste Recycled"
"S12000018","2011/2012","Ratio","Percent Of Municipal Waste",34.8,"Waste Recycled"
"S12000026","2006/2007","Ratio","Percent Of Municipal Waste",28.3,"Waste Recycled"
"S12000044","2010/2011","Ratio","Percent Of Municipal Waste",43.2,"Waste Recycled"
"S12000045","2005/2006","Ratio","Percent Of Municipal Waste",26.1,"Waste Recycled"
"S12000045","2010/2011","Ratio","Percent Of Municipal Waste",40.4,"Waste Recycled"
"S12000045","2006/2007","Ratio","Percent Of Municipal Waste",31.7,"Waste Recycled"
"S12000044","2006/2007","Ratio","Percent Of Municipal Waste",27.7,"Waste Recycled"
"S12000019","2009/2010","Ratio","Percent Of Municipal Waste",41.2,"Waste Recycled"
"S12000045","2004/2005","Ratio","Percent Of Municipal Waste",18.3,"Waste Recycled"
"S12000021","2005/2006","Ratio","Percent Of Municipal Waste",25.8,"Waste Recycled"
"S12000047","2010/2011","Ratio","Percent Of Municipal Waste",48.1,"Waste Recycled"
"S12000020","2011/2012","Ratio","Percent Of Municipal Waste",43.5,"Waste Recycled"
"S12000021","2004/2005","Ratio","Percent Of Municipal Waste",23.8,"Waste Recycled"
"S12000047","2009/2010","Ratio","Percent Of Municipal Waste",45.4,"Waste Recycled"
"S12000048","2008/2009","Ratio","Percent Of Municipal Waste",37.6,"Waste Recycled"
"S12000048","2007/2008","Ratio","Percent Of Municipal Waste",35.9,"Waste Recycled"
"S12000048","2011/2012","Ratio","Percent Of Municipal Waste",49.9,"Waste Recycled"
"S12000048","2009/2010","Ratio","Percent Of Municipal Waste",42.4,"Waste Recycled"
"S12000047","2005/2006","Ratio","Percent Of Municipal Waste",29.7,"Waste Recycled"
"S12000020","2008/2009","Ratio","Percent Of Municipal Waste",43.9,"Waste Recycled"
"S12000020","2009/2010","Ratio","Percent Of Municipal Waste",41.5,"Waste Recycled"
"S12000021","2011/2012","Ratio","Percent Of Municipal Waste",46.5,"Waste Recycled"
"S12000047","2008/2009","Ratio","Percent Of Municipal Waste",43,"Waste Recycled"
"S12000021","2006/2007","Ratio","Percent Of Municipal Waste",25.8,"Waste Recycled"
"S12000047","2011/2012","Ratio","Percent Of Municipal Waste",55.5,"Waste Recycled"
"S12000020","2010/2011","Ratio","Percent Of Municipal Waste",42.4,"Waste Recycled"
"S12000039","2004/2005","Ratio","Percent Of Municipal Waste",7.1,"Waste Recycled"
"S12000039","2005/2006","Ratio","Percent Of Municipal Waste",19,"Waste Recycled"
"S12000039","2010/2011","Ratio","Percent Of Municipal Waste",38.3,"Waste Recycled"
"S12000021","2007/2008","Ratio","Percent Of Municipal Waste",31.1,"Waste Recycled"
"S12000039","2009/2010","Ratio","Percent Of Municipal Waste",30.9,"Waste Recycled"
"S12000020","2006/2007","Ratio","Percent Of Municipal Waste",38.4,"Waste Recycled"
"S12000021","2009/2010","Ratio","Percent Of Municipal Waste",40.8,"Waste Recycled"
"S12000021","2008/2009","Ratio","Percent Of Municipal Waste",35.7,"Waste Recycled"
"S12000020","2004/2005","Ratio","Percent Of Municipal Waste",24.1,"Waste Recycled"
"S12000039","2011/2012","Ratio","Percent Of Municipal Waste",43.1,"Waste Recycled"
"S12000048","2006/2007","Ratio","Percent Of Municipal Waste",34,"Waste Recycled"
"S12000048","2010/2011","Ratio","Percent Of Municipal Waste",46.7,"Waste Recycled"
"S12000039","2006/2007","Ratio","Percent Of Municipal Waste",32,"Waste Recycled"
"S12000048","2004/2005","Ratio","Percent Of Municipal Waste",25.9,"Waste Recycled"
"S12000048","2005/2006","Ratio","Percent Of Municipal Waste",33.3,"Waste Recycled"
"S12000039","2008/2009","Ratio","Percent Of Municipal Waste",32.1,"Waste Recycled"
"S12000020","2005/2006","Ratio","Percent Of Municipal Waste",30.9,"Waste Recycled"
"S12000020","2007/2008","Ratio","Percent Of Municipal Waste",44,"Waste Recycled"
"S12000039","2007/2008","Ratio","Percent Of Municipal Waste",32.4,"Waste Recycled"
"S12000046","2007/2008","Ratio","Percent Of Municipal Waste",18.1,"Waste Recycled"
"S12000046","2011/2012","Ratio","Percent Of Municipal Waste",26.5,"Waste Recycled"
"S12000019","2010/2011","Ratio","Percent Of Municipal Waste",44.1,"Waste Recycled"
"S12000023","2007/2008","Ratio","Percent Of Municipal Waste",28.7,"Waste Recycled"
"S12000046","2006/2007","Ratio","Percent Of Municipal Waste",16.8,"Waste Recycled"
"S12000046","2008/2009","Ratio","Percent Of Municipal Waste",19.9,"Waste Recycled"
"S12000023","2009/2010","Ratio","Percent Of Municipal Waste",27.9,"Waste Recycled"
"S12000046","2005/2006","Ratio","Percent Of Municipal Waste",15.7,"Waste Recycled"
"S12000046","2004/2005","Ratio","Percent Of Municipal Waste",9.4,"Waste Recycled"
"S92000003","2006/2007","Ratio","Percent Of Municipal Waste",28.3,"Waste Recycled"
"S92000003","2005/2006","Ratio","Percent Of Municipal Waste",24.3,"Waste Recycled"
"S92000003","2009/2010","Ratio","Percent Of Municipal Waste",36.7,"Waste Recycled"
"S12000045","2008/2009","Ratio","Percent Of Municipal Waste",32.8,"Waste Recycled"
"S12000045","2009/2010","Ratio","Percent Of Municipal Waste",35.1,"Waste Recycled"
"S12000046","2009/2010","Ratio","Percent Of Municipal Waste",21.6,"Waste Recycled"
"S12000046","2010/2011","Ratio","Percent Of Municipal Waste",24,"Waste Recycled"
"S92000003","2008/2009","Ratio","Percent Of Municipal Waste",34.2,"Waste Recycled"
"S12000023","2004/2005","Ratio","Percent Of Municipal Waste",19.1,"Waste Recycled"
"S12000040","2009/2010","Ratio","Percent Of Municipal Waste",42.2,"Waste Recycled"
"S12000040","2011/2012","Ratio","Percent Of Municipal Waste",44.8,"Waste Recycled"
"S12000021","2010/2011","Ratio","Percent Of Municipal Waste",43.5,"Waste Recycled"
"S12000040","2006/2007","Ratio","Percent Of Municipal Waste",34.2,"Waste Recycled"
"S12000040","2010/2011","Ratio","Percent Of Municipal Waste",43.3,"Waste Recycled"
"S12000047","2006/2007","Ratio","Percent Of Municipal Waste",32.5,"Waste Recycled"
"S12000047","2007/2008","Ratio","Percent Of Municipal Waste",39.1,"Waste Recycled"
"S12000047","2004/2005","Ratio","Percent Of Municipal Waste",25.1,"Waste Recycled"
"S12000040","2008/2009","Ratio","Percent Of Municipal Waste",41.7,"Waste Recycled"
"S12000023","2010/2011","Ratio","Percent Of Municipal Waste",29.4,"Waste Recycled"
"S12000023","2008/2009","Ratio","Percent Of Municipal Waste",29.5,"Waste Recycled"
"S12000040","2005/2006","Ratio","Percent Of Municipal Waste",27.1,"Waste Recycled"
"S12000040","2004/2005","Ratio","Percent Of Municipal Waste",17.6,"Waste Recycled"
"S12000023","2011/2012","Ratio","Percent Of Municipal Waste",27.9,"Waste Recycled"
"S12000040","2007/2008","Ratio","Percent Of Municipal Waste",34.1,"Waste Recycled"
"S12000023","2006/2007","Ratio","Percent Of Municipal Waste",27.6,"Waste Recycled"
"S12000023","2005/2006","Ratio","Percent Of Municipal Waste",22.7,"Waste Recycled"
"S12000017","2005/2006","Ratio","Percent Of Municipal Waste",19.9,"Waste Recycled"
"S12000035","2010/2011","Ratio","Percent Of Municipal Waste",41.5,"Waste Recycled"
"S12000017","2009/2010","Ratio","Percent Of Municipal Waste",34.6,"Waste Recycled"
"S12000011","2005/2006","Ratio","Percent Of Municipal Waste",29.8,"Waste Recycled"
"S12000011","2010/2011","Ratio","Percent Of Municipal Waste",45.4,"Waste Recycled"
"S12000017","2008/2009","Ratio","Percent Of Municipal Waste",32.7,"Waste Recycled"
"S12000011","2008/2009","Ratio","Percent Of Municipal Waste",38.4,"Waste Recycled"
"S12000017","2007/2008","Ratio","Percent Of Municipal Waste",30.7,"Waste Recycled"
"S12000011","2011/2012","Ratio","Percent Of Municipal Waste",53,"Waste Recycled"
"S12000011","2004/2005","Ratio","Percent Of Municipal Waste",26.7,"Waste Recycled"
"S12000029","2008/2009","Ratio","Percent Of Municipal Waste",37,"Waste Recycled"
"S12000029","2011/2012","Ratio","Percent Of Municipal Waste",40.5,"Waste Recycled"
"S12000029","2005/2006","Ratio","Percent Of Municipal Waste",33.3,"Waste Recycled"
"S12000030","2006/2007","Ratio","Percent Of Municipal Waste",35.7,"Waste Recycled"
"S12000029","2010/2011","Ratio","Percent Of Municipal Waste",38.2,"Waste Recycled"
"S12000011","2009/2010","Ratio","Percent Of Municipal Waste",36,"Waste Recycled"
"S12000011","2006/2007","Ratio","Percent Of Municipal Waste",31.5,"Waste Recycled"
"S12000011","2007/2008","Ratio","Percent Of Municipal Waste",35,"Waste Recycled"
"S12000029","2006/2007","Ratio","Percent Of Municipal Waste",35.4,"Waste Recycled"
"S12000029","2004/2005","Ratio","Percent Of Municipal Waste",26,"Waste Recycled"
"S12000036","2005/2006","Ratio","Percent Of Municipal Waste",21.6,"Waste Recycled"
"S12000036","2004/2005","Ratio","Percent Of Municipal Waste",15.6,"Waste Recycled"
"S12000036","2007/2008","Ratio","Percent Of Municipal Waste",27.1,"Waste Recycled"
"S12000017","2006/2007","Ratio","Percent Of Municipal Waste",26.1,"Waste Recycled"
"S12000035","2006/2007","Ratio","Percent Of Municipal Waste",33.2,"Waste Recycled"
"S12000010","2005/2006","Ratio","Percent Of Municipal Waste",27.6,"Waste Recycled"
"S12000010","2006/2007","Ratio","Percent Of Municipal Waste",32.6,"Waste Recycled"
"S12000010","2008/2009","Ratio","Percent Of Municipal Waste",38.4,"Waste Recycled"
"S12000017","2011/2012","Ratio","Percent Of Municipal Waste",39,"Waste Recycled"
"S12000036","2006/2007","Ratio","Percent Of Municipal Waste",24.4,"Waste Recycled"
"S12000035","2009/2010","Ratio","Percent Of Municipal Waste",41.3,"Waste Recycled"
"S12000035","2004/2005","Ratio","Percent Of Municipal Waste",17.9,"Waste Recycled"
"S12000035","2005/2006","Ratio","Percent Of Municipal Waste",25.2,"Waste Recycled"
"S12000029","2009/2010","Ratio","Percent Of Municipal Waste",40.1,"Waste Recycled"
"S12000035","2011/2012","Ratio","Percent Of Municipal Waste",40.5,"Waste Recycled"
"S12000017","2004/2005","Ratio","Percent Of Municipal Waste",9,"Waste Recycled"
"S12000035","2007/2008","Ratio","Percent Of Municipal Waste",34.8,"Waste Recycled"
"S12000029","2007/2008","Ratio","Percent Of Municipal Waste",37,"Waste Recycled"
"S12000035","2008/2009","Ratio","Percent Of Municipal Waste",36.3,"Waste Recycled"
"S12000013","2008/2009","Ratio","Percent Of Municipal Waste",18.6,"Waste Recycled"
"S12000014","2007/2008","Ratio","Percent Of Municipal Waste",36,"Waste Recycled"
"S12000013","2011/2012","Ratio","Percent Of Municipal Waste",23.1,"Waste Recycled"
"S12000013","2009/2010","Ratio","Percent Of Municipal Waste",21.2,"Waste Recycled"
"S12000030","2007/2008","Ratio","Percent Of Municipal Waste",38.7,"Waste Recycled"
"S12000013","2006/2007","Ratio","Percent Of Municipal Waste",11.7,"Waste Recycled"
"S12000030","2011/2012","Ratio","Percent Of Municipal Waste",53.5,"Waste Recycled"
"S12000033","2005/2006","Ratio","Percent Of Municipal Waste",18.1,"Waste Recycled"
"S12000013","2010/2011","Ratio","Percent Of Municipal Waste",19.6,"Waste Recycled"
"S12000013","2007/2008","Ratio","Percent Of Municipal Waste",20,"Waste Recycled"
"S12000030","2004/2005","Ratio","Percent Of Municipal Waste",27.5,"Waste Recycled"
"S12000014","2004/2005","Ratio","Percent Of Municipal Waste",19,"Waste Recycled"
"S12000014","2005/2006","Ratio","Percent Of Municipal Waste",30.1,"Waste Recycled"
"S12000014","2008/2009","Ratio","Percent Of Municipal Waste",40.8,"Waste Recycled"
"S12000014","2006/2007","Ratio","Percent Of Municipal Waste",35,"Waste Recycled"
"S12000014","2011/2012","Ratio","Percent Of Municipal Waste",53.1,"Waste Recycled"
"S12000033","2011/2012","Ratio","Percent Of Municipal Waste",31.5,"Waste Recycled"
"S12000014","2010/2011","Ratio","Percent Of Municipal Waste",49.3,"Waste Recycled"
"S12000014","2009/2010","Ratio","Percent Of Municipal Waste",42.8,"Waste Recycled"
"S12000033","2010/2011","Ratio","Percent Of Municipal Waste",31.7,"Waste Recycled"
"S12000034","2004/2005","Ratio","Percent Of Municipal Waste",10.3,"Waste Recycled"
"S12000034","2006/2007","Ratio","Percent Of Municipal Waste",21.3,"Waste Recycled"
"S12000034","2007/2008","Ratio","Percent Of Municipal Waste",29.8,"Waste Recycled"
"S12000013","2005/2006","Ratio","Percent Of Municipal Waste",10.9,"Waste Recycled"
"S12000030","2010/2011","Ratio","Percent Of Municipal Waste",47.5,"Waste Recycled"
"S12000034","2011/2012","Ratio","Percent Of Municipal Waste",35.5,"Waste Recycled"
"S12000034","2010/2011","Ratio","Percent Of Municipal Waste",32.4,"Waste Recycled"
"S12000034","2009/2010","Ratio","Percent Of Municipal Waste",33.3,"Waste Recycled"
"S12000034","2005/2006","Ratio","Percent Of Municipal Waste",12.7,"Waste Recycled"
"S12000034","2008/2009","Ratio","Percent Of Municipal Waste",31.2,"Waste Recycled"
"S12000030","2009/2010","Ratio","Percent Of Municipal Waste",43.5,"Waste Recycled"
"S12000033","2004/2005","Ratio","Percent Of Municipal Waste",11.2,"Waste Recycled"
"S12000030","2008/2009","Ratio","Percent Of Municipal Waste",41.5,"Waste Recycled"
"S12000033","2009/2010","Ratio","Percent Of Municipal Waste",26.8,"Waste Recycled"
"S12000033","2006/2007","Ratio","Percent Of Municipal Waste",21.5,"Waste Recycled"
"S12000013","2004/2005","Ratio","Percent Of Municipal Waste",7.5,"Waste Recycled"
"S12000030","2005/2006","Ratio","Percent Of Municipal Waste",32.5,"Waste Recycled"
"S12000033","2007/2008","Ratio","Percent Of Municipal Waste",22.2,"Waste Recycled"
"S12000033","2008/2009","Ratio","Percent Of Municipal Waste",23.4,"Waste Recycled"
"S12000041","2007/2008","Ratio","Percent Of Municipal Waste",34.7,"Waste Recycled"
"S12000027","2008/2009","Ratio","Percent Of Municipal Waste",22.7,"Waste Recycled"
"S12000041","2006/2007","Ratio","Percent Of Municipal Waste",30.2,"Waste Recycled"
"S12000018","2007/2008","Ratio","Percent Of Municipal Waste",21.9,"Waste Recycled"
"S12000006","2009/2010","Ratio","Percent Of Municipal Waste",36.7,"Waste Recycled"
"S12000027","2006/2007","Ratio","Percent Of Municipal Waste",17.4,"Waste Recycled"
"S12000027","2004/2005","Ratio","Percent Of Municipal Waste",12.6,"Waste Recycled"
"S12000027","2010/2011","Ratio","Percent Of Municipal Waste",19.5,"Waste Recycled"
"S12000041","2004/2005","Ratio","Percent Of Municipal Waste",30.3,"Waste Recycled"
"S12000027","2007/2008","Ratio","Percent Of Municipal Waste",19.2,"Waste Recycled"
"S12000041","2005/2006","Ratio","Percent Of Municipal Waste",32.7,"Waste Recycled"
"S12000041","2009/2010","Ratio","Percent Of Municipal Waste",39.1,"Waste Recycled"
"S12000041","2008/2009","Ratio","Percent Of Municipal Waste",35.8,"Waste Recycled"
"S12000018","2004/2005","Ratio","Percent Of Municipal Waste",7.3,"Waste Recycled"
"S12000018","2005/2006","Ratio","Percent Of Municipal Waste",18.6,"Waste Recycled"
"S12000006","2010/2011","Ratio","Percent Of Municipal Waste",39.4,"Waste Recycled"
"S12000006","2008/2009","Ratio","Percent Of Municipal Waste",36.3,"Waste Recycled"
"S12000006","2011/2012","Ratio","Percent Of Municipal Waste",48.5,"Waste Recycled"
"S12000027","2011/2012","Ratio","Percent Of Municipal Waste",17.9,"Waste Recycled"
"S12000006","2004/2005","Ratio","Percent Of Municipal Waste",5.6,"Waste Recycled"
"S12000005","2006/2007","Ratio","Percent Of Municipal Waste",43.6,"Waste Recycled"
"S12000005","2004/2005","Ratio","Percent Of Municipal Waste",38.1,"Waste Recycled"
"S12000026","2005/2006","Ratio","Percent Of Municipal Waste",16,"Waste Recycled"
"S12000005","2011/2012","Ratio","Percent Of Municipal Waste",51.7,"Waste Recycled"
"S12000005","2010/2011","Ratio","Percent Of Municipal Waste",49.8,"Waste Recycled"
"S12000042","2005/2006","Ratio","Percent Of Municipal Waste",30.9,"Waste Recycled"
"S12000018","2008/2009","Ratio","Percent Of Municipal Waste",28,"Waste Recycled"
"S12000042","2009/2010","Ratio","Percent Of Municipal Waste",40.1,"Waste Recycled"
"S12000042","2010/2011","Ratio","Percent Of Municipal Waste",34.6,"Waste Recycled"
"S12000042","2011/2012","Ratio","Percent Of Municipal Waste",45.9,"Waste Recycled"
"S12000042","2008/2009","Ratio","Percent Of Municipal Waste",36.1,"Waste Recycled"
"S12000006","2006/2007","Ratio","Percent Of Municipal Waste",23.2,"Waste Recycled"
"S12000042","2006/2007","Ratio","Percent Of Municipal Waste",31,"Waste Recycled"
"S12000027","2005/2006","Ratio","Percent Of Municipal Waste",10.9,"Waste Recycled"
"S12000027","2009/2010","Ratio","Percent Of Municipal Waste",19.3,"Waste Recycled"
"S12000006","2007/2008","Ratio","Percent Of Municipal Waste",31.1,"Waste Recycled"
"S12000026","2010/2011","Ratio","Percent Of Municipal Waste",39.9,"Waste Recycled"
"S12000042","2007/2008","Ratio","Percent Of Municipal Waste",33,"Waste Recycled"
"S12000006","2005/2006","Ratio","Percent Of Municipal Waste",10.4,"Waste Recycled"
"S12000028","2008/2009","Ratio","Percent Of Municipal Waste",41.3,"Waste Recycled"
"S12000028","2004/2005","Ratio","Percent Of Municipal Waste",21.4,"Waste Recycled"
"S12000008","2009/2010","Ratio","Percent Of Municipal Waste",43,"Waste Recycled"
"S12000010","2007/2008","Ratio","Percent Of Municipal Waste",35.4,"Waste Recycled"
"S12000028","2006/2007","Ratio","Percent Of Municipal Waste",39.3,"Waste Recycled"
"S12000008","2008/2009","Ratio","Percent Of Municipal Waste",42.1,"Waste Recycled"
"S12000008","2006/2007","Ratio","Percent Of Municipal Waste",35.3,"Waste Recycled"
"S12000008","2010/2011","Ratio","Percent Of Municipal Waste",43.9,"Waste Recycled"
"S12000008","2004/2005","Ratio","Percent Of Municipal Waste",16.1,"Waste Recycled"
"S12000028","2007/2008","Ratio","Percent Of Municipal Waste",43.1,"Waste Recycled"
"S12000036","2009/2010","Ratio","Percent Of Municipal Waste",31.5,"Waste Recycled"
"S12000017","2010/2011","Ratio","Percent Of Municipal Waste",34,"Waste Recycled"
"S12000036","2011/2012","Ratio","Percent Of Municipal Waste",33.4,"Waste Recycled"
"S12000010","2009/2010","Ratio","Percent Of Municipal Waste",40.9,"Waste Recycled"
"S12000036","2008/2009","Ratio","Percent Of Municipal Waste",30.1,"Waste Recycled"
"S12000010","2004/2005","Ratio","Percent Of Municipal Waste",19.6,"Waste Recycled"
"S12000010","2011/2012","Ratio","Percent Of Municipal Waste",44.7,"Waste Recycled"
"S12000036","2010/2011","Ratio","Percent Of Municipal Waste",31.5,"Waste Recycled"
"S12000010","2010/2011","Ratio","Percent Of Municipal Waste",43.4,"Waste Recycled"
"S12000038","2007/2008","Ratio","Percent Of Municipal Waste",30.1,"Waste Recycled"
"S12000028","2010/2011","Ratio","Percent Of Municipal Waste",42.7,"Waste Recycled"
"S12000038","2006/2007","Ratio","Percent Of Municipal Waste",28.2,"Waste Recycled"
"S12000038","2004/2005","Ratio","Percent Of Municipal Waste",15,"Waste Recycled"
"S12000038","2008/2009","Ratio","Percent Of Municipal Waste",30.5,"Waste Recycled"
"S12000041","2011/2012","Ratio","Percent Of Municipal Waste",40.2,"Waste Recycled"
"S12000038","2005/2006","Ratio","Percent Of Municipal Waste",24.5,"Waste Recycled"
"S12000041","2010/2011","Ratio","Percent Of Municipal Waste",36.7,"Waste Recycled"
"S12000028","2009/2010","Ratio","Percent Of Municipal Waste",44.1,"Waste Recycled"
"S12000028","2011/2012","Ratio","Percent Of Municipal Waste",46.1,"Waste Recycled"
"S12000008","2011/2012","Ratio","Percent Of Municipal Waste",41.9,"Waste Recycled"
"S12000038","2011/2012","Ratio","Percent Of Municipal Waste",42.6,"Waste Recycled"
"S12000038","2010/2011","Ratio","Percent Of Municipal Waste",42.8,"Waste Recycled"
"S12000008","2005/2006","Ratio","Percent Of Municipal Waste",27.1,"Waste Recycled"
"S12000008","2007/2008","Ratio","Percent Of Municipal Waste",41.8,"Waste Recycled"
"S12000018","2010/2011","Ratio","Percent Of Municipal Waste",31.5,"Waste Recycled"
"S12000018","2009/2010","Ratio","Percent Of Municipal Waste",30.3,"Waste Recycled"
"S12000038","2009/2010","Ratio","Percent Of Municipal Waste",37.4,"Waste Recycled"
"S12000028","2005/2006","Ratio","Percent Of Municipal Waste",35.8,"Waste Recycled"
